symbol,date,entry,stop,target,success
GOOG,2023-02-02 09:30:00,107.05,106.54,107.55999999999999 107.36,0.8039215686274586
GOOG,2023-05-25 09:30:00,125.11,124.77,125.45,-1.0
GOOG,2023-07-26 09:30:00,129.59,128.8,130.38,-1.0
GOOGL,2023-02-02 09:30:00,106.1622,105.61,106.7144 106.4386,0.750271640709884
GOOGL,2023-05-11 09:30:00,115.03,114.41,115.65 116.72,1.8629032258064397
GOOGL,2023-05-25 09:30:00,124.33,123.99,124.67,-1.0
GOOGL,2023-07-26 09:30:00,129.17,128.4,129.93999999999997 130.59,1.4220779220779542
AMZN,2023-08-04 09:30:00,140.84,140.24,141.44 140.66,0.3499999999999929
AMZN,2023-10-27 09:30:00,126.2,125.68,126.72 127.905,2.1394230769230878
NVDA,2023-02-23 09:30:00,233.35,231.1,235.6,-1.0
NVDA,2023-05-25 09:30:00,382.25,375.27,389.23,-1.0
NVDA,2023-05-30 09:30:00,405.0999,402.67,407.52979999999997 411.45,1.806658710235002
NVDA,2023-06-30 09:30:00,416.49,415.01,417.97 420.19,1.749999999999981
NVDA,2023-08-22 09:30:00,479.0,477.4,480.6,-1.0
NVDA,2023-11-02 09:30:00,432.27,431.2,433.34,-1.0
NVDA,2023-11-14 09:30:00,494.02,492.71,495.33,1.0
META,2023-02-02 09:30:00,180.97,180.16,181.78 180.97,0.5
META,2023-03-03 09:30:00,177.89,177.05,178.72999999999996 179.58,1.5059523809524265
META,2023-03-21 09:30:00,201.9299,201.44,202.4198,1.0
META,2023-04-26 09:30:00,209.4299,208.88,209.9798,1.0
META,2023-04-27 09:30:00,238.15,236.77,239.53 238.5434,0.6425362318840532
META,2023-07-27 09:30:00,322.8,320.55,325.05,-1.0
TSLA,2023-02-02 09:30:00,186.69,185.0955,188.2845 189.5199,1.3873941674506085
TSLA,2023-02-09 09:30:00,206.9432,205.5301,208.35629999999998 206.18,0.22995541716793183
TSLA,2023-03-03 09:30:00,194.0392,193.38,194.6984,-1.0
TSLA,2023-04-12 09:30:00,190.0,189.4,190.6,-1.0
TSLA,2023-05-08 09:30:00,172.1,171.27,172.92999999999998,-1.0
TSLA,2023-05-12 09:30:00,175.51,174.6,176.42 175.8599,0.6922527472527586
TSLA,2023-05-30 09:30:00,199.42,198.5879,200.25209999999998 202.7,2.470916957096511
TSLA,2023-06-07 09:30:00,227.66,226.81,228.51,-1.0
TSLA,2023-06-09 09:30:00,247.43,246.58,248.28,1.0
TSLA,2023-07-12 09:30:00,274.0,273.12,274.88,-1.0
TSLA,2023-08-21 09:30:00,221.453,220.58,222.326 224.5399,2.2679839633447996
TSLA,2023-08-22 09:30:00,239.5499,238.13,240.96980000000002,-1.0
TSLA,2023-09-11 09:30:00,262.1946,260.61,263.77919999999995 264.3497,1.180013883629954
TSLA,2023-11-02 09:30:00,212.37,211.4501,213.28990000000002,-1.0
TSLA,2023-11-14 09:30:00,233.28,231.88,234.68,-1.0
LLY,2023-10-11 09:30:00,588.95,587.0,590.9000000000001,-1.0
JPM,2023-03-14 09:30:00,133.13,132.59,133.67,-1.0
JPM,2023-03-21 09:30:00,130.76,130.19,131.32999999999998 131.155,0.8464912280701886
ORCL,2023-06-13 09:30:00,123.04,122.62,123.46000000000001,-1.0
ORCL,2023-08-29 09:30:00,119.4,119.07,119.73000000000002,-1.0
ADBE,2023-05-30 09:30:00,426.46,424.75,428.16999999999996 426.84,0.6111111111111112
ADBE,2023-06-09 09:30:00,455.71,453.6,457.81999999999994 464.71,2.6327014218009914
ADBE,2023-06-16 09:30:00,513.94,509.51,518.3700000000001,-1.0
ADBE,2023-08-17 09:30:00,521.95,518.46,525.44,-1.0
BAC,2023-03-14 09:30:00,29.81,29.6,30.019999999999996,-1.0
BAC,2023-03-21 09:30:00,28.65,28.565,28.734999999999996 28.595,0.1764705882352855
CRM,2023-02-02 09:30:00,175.495,175.13,175.86,-1.0
CRM,2023-02-09 09:30:00,172.5,172.04,172.96 172.635,0.6467391304347702
CRM,2023-03-02 09:30:00,191.68,190.66,192.70000000000002,-1.0
CRM,2023-07-11 09:30:00,220.28,218.721,221.839 220.38,0.5320718409236672
CRM,2023-07-19 09:30:00,234.26,232.3,236.21999999999997,-1.0
CRM,2023-08-31 09:30:00,226.21,223.96,228.46,-1.0
AMD,2023-02-01 09:30:00,78.195,77.88,78.50999999999999 79.95,3.285714285714321
AMD,2023-05-30 09:30:00,129.15,128.31,129.99,-1.0
AMD,2023-06-12 09:30:00,128.52,127.71,129.33000000000004 128.19,0.2962962962962927
AMD,2023-06-13 09:30:00,131.9799,131.26,132.69979999999998,-1.0
AMD,2023-07-19 09:30:00,119.67,119.13,120.21000000000001,1.0
NFLX,2023-06-09 09:30:00,419.5,416.5,422.5,-1.0
NFLX,2023-10-19 09:30:00,396.49,392.79,400.19,-1.0
TMO,2023-02-01 09:30:00,579.09,576.33,581.85 594.57,3.304347826086969
INTC,2023-04-28 09:30:00,31.7993,31.55,32.04859999999999 31.99,0.8824709185720039
INTC,2023-05-03 09:30:00,30.4293,30.26,30.5986 30.525,0.7826343768458279
INTC,2023-06-13 09:30:00,33.59,33.45,33.730000000000004,-1.0
INTC,2023-07-28 09:30:00,36.005,35.72,36.290000000000006,-1.0
WFC,2023-03-14 09:30:00,41.04,40.78,41.3,-1.0
WFC,2023-03-21 09:30:00,38.61,38.43,38.79 38.54,0.30555555555555447
WFC,2023-10-13 09:30:00,40.79,40.47,41.11 41.28,1.2656250000000024
DIS,2023-02-09 09:30:00,116.41,115.8,117.02 117.08,1.0491803278688545
QCOM,2023-07-19 09:30:00,125.38,125.05,125.71 125.33,0.42424242424242814
QCOM,2023-07-27 09:30:00,126.7528,126.4,127.10559999999998 127.145,1.0558390022675965
QCOM,2023-09-11 09:30:00,110.59,109.5594,111.62060000000001,-1.0
QCOM,2023-11-02 09:30:00,116.71,115.14,118.27999999999999 117.93,0.8885350318471397
QCOM,2023-11-14 09:30:00,126.93,126.49,127.37000000000002,-1.0
BX,2023-03-14 09:30:00,86.755,86.09,87.41999999999999,-1.0
BX,2023-03-27 09:30:00,85.61,85.36,85.86,-1.0
BX,2023-09-05 09:30:00,107.97,107.55,108.39 108.03,0.5714285714285738
BA,2023-03-14 09:30:00,206.529,206.1,206.958 207.2,1.2820512820512693
BA,2023-04-26 09:30:00,208.0299,207.6101,208.4497 209,1.6554311576941172
BA,2023-11-13 09:30:00,203.81,202.51,205.11 204.9947,0.9556538461538392
TXN,2023-11-14 09:30:00,149.78,149.54,150.02,-1.0
MS,2023-03-14 09:30:00,91.1,90.8,91.39999999999999,-1.0
MS,2023-03-21 09:30:00,88.54,88.08,89.00000000000001,-1.0
MS,2023-03-27 09:30:00,86.06,85.71,86.41000000000001,-1.0
UNP,2023-02-27 09:30:00,211.6872,210.81,212.56439999999998,1.0
CAT,2023-05-19 09:30:00,219.0499,218.415,219.68480000000002,-1.0
NOW,2023-02-02 09:30:00,481.6419,479.46,483.82380000000006 484.0326,1.0478482056922718
NOW,2023-07-27 09:30:00,581.41,575.5116,587.3083999999999,-1.0
COP,2023-05-05 09:30:00,100.37,100.05,100.69000000000001 100.58,0.8281249999999827
COP,2023-10-13 09:30:00,124.0,123.7501,124.2499 123.86,0.219887955182068
GE,2023-03-14 09:30:00,90.77,90.62,90.91999999999999 91.06,1.4666666666667425
AXP,2023-03-21 09:30:00,162.32,162.17,162.47,1.0
AMAT,2023-02-28 09:30:00,115.71,114.85,116.57 116.87,1.1744186046511695
AMAT,2023-03-14 09:30:00,118.42,118.01,118.83,-1.0
AMAT,2023-05-25 09:30:00,127.04,126.5,127.58000000000001 126.83,0.3055555555555505
AMAT,2023-11-14 09:30:00,153.055,152.5156,153.5944,-1.0
UBER,2023-02-08 09:30:00,37.16,36.8,37.519999999999996,-1.0
UBER,2023-04-17 09:30:00,31.88,31.78,31.979999999999997 31.8588,0.3939999999999961
UBER,2023-05-02 09:30:00,34.9399,34.23,35.649800000000006 35.645,0.9966192421467791
UBER,2023-12-04 09:30:00,59.91,59.44,60.379999999999995,-1.0
SCHW,2023-03-14 09:30:00,56.9,55.37,58.43,-1.0
SCHW,2023-03-20 09:30:00,58.17,57.8283,58.511700000000005 58.99,1.6998829382499168
SCHW,2023-03-27 09:30:00,54.75,54.44,55.06,-1.0
SCHW,2023-05-15 09:30:00,50.53,50.39,50.67,-1.0
SCHW,2023-07-18 09:30:00,64.9,64.0,65.80000000000001 65.5,0.8333333333333282
SCHW,2023-11-03 09:30:00,56.4,56.09,56.709999999999994 56.46,0.5967741935483922
SCHW,2023-11-14 09:30:00,55.59,55.18,56.00000000000001,-1.0
GS,2023-03-21 09:30:00,317.1257,316.33,317.9214,-1.0
NEE,2023-10-24 09:30:00,53.54,53.11,53.97 53.7,0.6860465116279114
NEE,2023-11-03 09:30:00,60.91,60.58,61.239999999999995 61.14,0.8484848484848564
NEE,2023-11-14 09:30:00,55.74,55.45,56.03 56.27,1.4137931034482805
RTX,2023-10-09 09:30:00,72.5399,72.02,73.05980000000001 72.64,0.5962685131756071
DE,2023-02-17 09:30:00,419.0,417.45,420.55,-1.0
DE,2023-06-02 09:30:00,359.27,357.8,360.73999999999995,-1.0
ELV,2023-10-18 09:30:00,472.76,468.2,477.32,1.0
LRCX,2023-04-20 09:30:00,512.77,508.11,517.43 519.175,1.1872317596566542
UBS,2023-03-21 09:30:00,20.13,20.06,20.2,-1.0
UBS,2023-04-11 09:30:00,21.095,21.06,21.13,1.0
SHOP,2023-04-27 09:30:00,47.07,46.97,47.17,1.0
SHOP,2023-05-30 09:30:00,60.34,60.03,60.650000000000006 60.585,0.8951612903225736
SHOP,2023-06-06 09:30:00,61.1,60.72,61.480000000000004 61.41,0.9078947368420962
SHOP,2023-07-24 09:30:00,66.92,66.5503,67.28970000000001 67.065,0.6961049499594165
SHOP,2023-08-31 09:30:00,63.73,63.28,64.17999999999999,1.0
SHOP,2023-11-02 09:30:00,56.57,55.78,57.36,-1.0
SHOP,2023-11-27 09:30:00,72.255,71.079,73.431 73.6,1.0718537414965972
ADI,2023-02-15 09:30:00,192.46,191.41,193.51000000000002 192.8301,0.6762380952380835
C,2023-03-27 09:30:00,44.0,43.88,44.12,1.0
C,2023-05-05 09:30:00,45.8099,45.67,45.949799999999996 46.14,1.67977126518945
MDLZ,2023-11-02 09:30:00,67.73,67.23,68.23 68.12,0.8900000000000006
MU,2023-05-15 09:30:00,62.0,61.8,62.2 62.055,0.6374999999999973
MU,2023-05-25 09:30:00,69.22,68.86,69.58 69.36,0.6944444444444455
MU,2023-07-27 09:30:00,70.82,70.1,71.53999999999999 71.191,0.7576388888888957
MU,2023-12-06 09:30:00,74.91,74.635,75.18499999999999,-1.0
MU,2023-12-11 09:30:00,77.315,76.98,77.64999999999999,-1.0
MU,2023-12-21 09:30:00,84.99,84.15,85.82999999999998,-1.0
PANW,2023-06-05 09:30:00,226.28,225.28,227.28 226.36,0.5400000000000063
ABNB,2023-03-14 09:30:00,117.9699,117.66,118.2798,-1.0
ABNB,2023-05-05 09:30:00,119.32,119.02,119.61999999999999 119.29,0.4500000000000213
ABNB,2023-11-02 09:30:00,116.58,115.9,117.25999999999999 117.8813,1.4568382352941263
ZTS,2023-02-14 09:30:00,171.0799,168.94,173.21980000000002,1.0
CI,2023-12-11 09:30:00,296.4033,294.04,298.7666,-1.0
BSX,2023-11-13 09:30:00,53.61,53.16,54.06,-1.0
SLB,2023-03-27 09:30:00,45.6103,45.5,45.720600000000005,-1.0
SLB,2023-04-03 09:30:00,52.69,52.27,53.10999999999999 52.91,0.7619047619047639
SLB,2023-05-05 09:30:00,46.41,46.21,46.60999999999999 46.49,0.7000000000000177
SLB,2023-10-09 09:30:00,57.24,56.9725,57.50750000000001 57.7375,1.429906542056047
ANET,2023-05-25 09:30:00,153.95,152.17,155.73,-1.0
ANET,2023-08-01 09:30:00,172.74,170.3,175.18,1.0
ANET,2023-10-31 09:30:00,193.02,191.825,194.21500000000003,-1.0
CP,2023-03-15 09:30:00,77.85,76.8,78.89999999999999,-1.0
STLA,2023-11-02 09:30:00,19.52,19.49,19.55,-1.0
STLA,2023-11-14 09:30:00,20.13,20.105,20.154999999999998,1.0
KKR,2023-11-29 09:30:00,72.36,71.59,73.13 73.025,0.9318181818181881
WDAY,2023-05-26 09:30:00,214.5,211.77,217.23,-1.0
EOG,2023-10-09 09:30:00,124.28,123.8,124.76 124.41,0.6354166666666607
CNQ,2023-10-09 09:30:00,64.175,63.88,64.47 65.395,2.5677966101695273
USB,2023-03-14 09:30:00,38.48,38.2783,38.68169999999999,-1.0
USB,2023-03-21 09:30:00,36.06,35.8,36.32000000000001 36.16,0.6923076923076776
USB,2023-03-27 09:30:00,36.72,35.54,37.9,-1.0
USB,2023-04-14 09:30:00,35.87,35.72,36.019999999999996,-1.0
USB,2023-05-05 09:30:00,30.59,30.26,30.919999999999998,-1.0
USB,2023-05-08 09:30:00,31.25,31.15,31.35,-1.0
USB,2023-05-10 09:30:00,30.29,30.19,30.389999999999997,-1.0
USB,2023-07-11 09:30:00,34.295,34.1515,34.438500000000005,-1.0
USB,2023-07-12 09:30:00,35.67,35.58,35.760000000000005 35.95,2.055555555555503
LULU,2023-03-29 09:30:00,363.4,361.0,365.79999999999995 368.8074,1.6265416666666763
LULU,2023-09-01 09:30:00,389.59,385.11,394.06999999999994 399.185,1.570870535714298
PYPL,2023-02-02 09:30:00,86.26,85.92,86.60000000000001,1.0
PYPL,2023-04-11 09:30:00,75.1399,74.96,75.3198 75.232,0.7559755419677606
PYPL,2023-11-02 09:30:00,53.615,53.2,54.03,-1.0
TGT,2023-10-12 09:30:00,111.4,110.88,111.92000000000002,-1.0
SNOW,2023-02-02 09:30:00,173.9534,172.61,175.29679999999996,-1.0
SNOW,2023-07-27 09:30:00,173.99,172.3,175.68,-1.0
SNOW,2023-08-04 09:30:00,170.96,169.28,172.64000000000001,-1.0
SNOW,2023-08-24 09:30:00,156.79,155.55,158.02999999999997,1.0
SNOW,2023-10-27 09:30:00,144.4399,143.66,145.2198,-1.0
SNOW,2023-11-07 09:30:00,154.9501,153.85,156.0502,1.0
TEAM,2023-04-12 09:30:00,167.0,166.4246,167.5754,-1.0
TEAM,2023-08-04 09:30:00,203.245,200.75,205.74,-1.0
FDX,2023-03-17 09:30:00,223.77,222.01,225.53000000000003,-1.0
CRWD,2023-02-02 09:30:00,116.5099,115.55,117.4698,-1.0
CRWD,2023-02-08 09:30:00,115.95,115.105,116.795,1.0
CRWD,2023-03-06 09:30:00,128.56,127.67,129.45,-1.0
CRWD,2023-03-14 09:30:00,123.54,123.19,123.89000000000001 123.98,1.12857142857141
CRWD,2023-04-12 09:30:00,132.4273,131.71,133.1446 132.7,0.6900878293600922
CRWD,2023-05-30 09:30:00,159.185,157.5016,160.8684,-1.0
CRWD,2023-11-07 09:30:00,190.63,190.1001,191.1599,-1.0
CRWD,2023-11-14 09:30:00,203.87,203.5,204.24,1.0
FCX,2023-02-09 09:30:00,43.88,43.72,44.040000000000006,-1.0
FCX,2023-03-14 09:30:00,38.78,38.67,38.89 38.66,-0.04545454545456895
FCX,2023-04-11 09:30:00,41.045,40.92,41.17,-1.0
FCX,2023-05-01 09:30:00,38.47,38.385,38.555,-1.0
FCX,2023-05-08 09:30:00,37.12,37.0,37.239999999999995,-1.0
FCX,2023-05-17 09:30:00,36.06,35.97,36.150000000000006,-1.0
FCX,2023-05-26 09:30:00,34.779,34.675,34.88300000000001 34.81,0.6490384615384468
FCX,2023-06-02 09:30:00,36.89,36.72,37.06,1.0
FCX,2023-06-13 09:30:00,39.29,39.17,39.41 39.52,1.4583333333333703
FCX,2023-07-12 09:30:00,40.72,40.56,40.879999999999995,-1.0
FCX,2023-08-22 09:30:00,39.29,39.18,39.4,-1.0
FCX,2023-09-11 09:30:00,40.47,40.29,40.65,-1.0
PNC,2023-03-14 09:30:00,137.02,135.32,138.72000000000003,-1.0
PNC,2023-03-21 09:30:00,131.94,131.32,132.56,-1.0
PNC,2023-03-27 09:30:00,128.05,127.61,128.49,-1.0
NXPI,2023-05-02 09:30:00,173.9199,172.7,175.13980000000004 173.1,0.16394786457906296
NXPI,2023-07-25 09:30:00,217.19,216.48,217.9 218.2,1.2112676056337883
PSX,2023-04-03 09:30:00,103.55,103.17,103.92999999999999 104.23,1.3947368421052828
PSX,2023-11-29 09:30:00,122.48,121.3,123.66000000000001,-1.0
MMM,2023-03-01 09:30:00,110.1376,109.74,110.53520000000002 110.2499,0.6412223340040082
MMM,2023-06-23 09:30:00,102.36,101.61,103.11 102.77,0.773333333333331
MNST,2023-11-03 09:30:00,55.84,55.34,56.34,-1.0
HUM,2023-07-14 09:30:00,434.3,433.1,435.5 434.76,0.69166666666666
OXY,2023-09-27 09:30:00,64.43,64.15,64.71000000000001 64.58,0.7678571428571266
OXY,2023-10-09 09:30:00,62.98,62.61,63.349999999999994,1.0
PXD,2023-02-23 09:30:00,208.16,207.0001,209.3199,1.0
PXD,2023-04-10 09:30:00,223.72,222.39,225.05,-1.0
PXD,2023-05-05 09:30:00,212.25,211.7199,212.7801 214.0478,2.195717789096378
PXD,2023-10-06 09:30:00,232.0,231.52,232.48,1.0
MRVL,2023-02-23 09:30:00,44.83,44.61,45.05,1.0
MRVL,2023-02-27 09:30:00,44.56,44.48,44.64000000000001,-1.0
MRVL,2023-05-25 09:30:00,48.685,48.26,49.11000000000001,-1.0
MRVL,2023-05-30 09:30:00,66.0199,65.5471,66.49270000000001,-1.0
MRVL,2023-06-07 09:30:00,62.14,61.47,62.81,-1.0
MRVL,2023-06-13 09:30:00,62.97,62.54,63.4,-1.0
MRVL,2023-07-11 09:30:00,61.6477,61.32,61.9754,-1.0
MRVL,2023-07-27 09:30:00,65.38,65.2,65.55999999999999 65.47,0.7500000000000198
MRVL,2023-08-24 09:30:00,61.335,61.01,61.660000000000004,-1.0
MRVL,2023-11-02 09:30:00,48.96,48.65,49.27 49.19,0.8709677419354761
MRVL,2023-11-14 09:30:00,55.55,55.33,55.769999999999996 56.2663,2.1279545454545628
ADSK,2023-08-24 09:30:00,212.26,209.52,214.99999999999997,-1.0
EL,2023-06-14 09:30:00,189.81,188.7,190.92000000000002,1.0
DHI,2023-04-20 09:30:00,107.84,106.77,108.91000000000001 109.69,1.3644859813084027
DHI,2023-07-20 09:30:00,127.26,126.04,128.48000000000002,-1.0
F,2023-02-02 09:30:00,14.14,14.03,14.250000000000002,-1.0
F,2023-09-22 09:30:00,12.54,12.44,12.639999999999999 12.63,0.9500000000000097
F,2023-10-26 09:30:00,11.82,11.72,11.92,-1.0
GM,2023-02-02 09:30:00,40.18,39.94,40.42,-1.0
GM,2023-05-01 09:30:00,33.84,33.64,34.040000000000006 34.15,1.2749999999999768
GM,2023-06-09 09:30:00,37.3469,37.21,37.483799999999995,-1.0
GM,2023-10-26 09:30:00,29.57,29.33,29.810000000000002,-1.0
GM,2023-11-29 09:30:00,31.75,31.56,31.94,-1.0
TFC,2023-10-10 09:30:00,29.0394,28.8,29.2788,-1.0
MCHP,2023-05-30 09:30:00,79.4,79.14,79.66000000000001,-1.0
MCHP,2023-11-03 09:30:00,75.11,74.35,75.87,1.0
MET,2023-03-14 09:30:00,60.3,60.15,60.449999999999996,-1.0
MET,2023-03-27 09:30:00,55.69,55.56,55.81999999999999,-1.0
NEM,2023-03-15 09:30:00,45.125,44.94,45.31,-1.0
NEM,2023-10-13 09:30:00,39.235,39.0,39.47 39.305,0.648936170212767
NEM,2023-11-14 09:30:00,34.87,34.76,34.98 35.1569,1.8040909090909287
NEM,2023-12-22 09:30:00,42.2668,42.19,42.34360000000001 42.65,2.994791666666448
CARR,2023-10-26 09:30:00,47.81,47.0,48.620000000000005,-1.0
SQ,2023-02-24 09:30:00,76.6999,75.7,77.6998,-1.0
SQ,2023-03-16 09:30:00,74.5,74.173,74.827 74.8194,0.9883792048929716
SQ,2023-03-27 09:30:00,62.2248,61.75,62.699600000000004,-1.0
SQ,2023-03-30 09:30:00,68.95,68.59,69.31 69.87,1.7777777777777821
SQ,2023-07-12 09:30:00,72.58,72.285,72.875,1.0
SQ,2023-11-02 09:30:00,43.41,43.0904,43.72959999999999,-1.0
SQ,2023-11-03 09:30:00,50.34,49.72,50.96000000000001,-1.0
SQ,2023-11-14 09:30:00,54.09,53.82,54.36000000000001 54.145,0.6018518518518501
DXCM,2023-10-27 09:30:00,91.41,90.35,92.47,-1.0
AIG,2023-03-14 09:30:00,51.68,51.55,51.81,1.0
ET,2023-04-03 09:30:00,12.715,12.7,12.73 12.89,6.333333333333136
EW,2023-02-01 09:30:00,78.83,78.14,79.52 80.09,1.4130434782608763
FTNT,2023-02-08 09:30:00,59.24,58.72,59.760000000000005,1.0
FTNT,2023-08-10 09:30:00,61.31,60.975,61.645 61.67,1.0373134328358187
HES,2023-10-09 09:30:00,149.97,149.27,150.67 150.83,1.1142857142857339
VLO,2023-05-08 09:30:00,109.44,108.915,109.96499999999999 109.41,0.47142857142856986
NUE,2023-06-02 09:30:00,138.23,137.9,138.55999999999997 138.35,0.6818181818181974
COIN,2023-03-17 09:30:00,70.5,69.4,71.6 69.15,-0.1136363636363642
COIN,2023-03-29 09:30:00,65.26,64.72,65.80000000000001 65.845,1.0416666666666545
COIN,2023-04-26 09:30:00,58.0,57.2,58.8,-1.0
COIN,2023-05-10 09:30:00,61.25,60.76,61.74,-1.0
COIN,2023-06-07 09:30:00,52.4009,51.7799,53.0219,-1.0
COIN,2023-06-16 09:30:00,55.39,55.05,55.730000000000004 55.67,0.9117647058823505
COIN,2023-07-27 09:30:00,101.5,101.13,101.87,1.0
COIN,2023-09-18 09:30:00,83.53,82.94,84.12 83.5528,0.5193220338983081
COIN,2023-10-02 09:30:00,78.22,77.67,78.77 78.82,1.0454545454545432
COIN,2023-10-16 09:30:00,78.85,77.16,80.53999999999999,-1.0
COIN,2023-10-24 09:30:00,83.0,82.26,83.74 86.59,2.9256756756756945
COIN,2023-11-02 09:30:00,82.18,81.127,83.23300000000002,-1.0
COIN,2023-11-14 09:30:00,94.28,93.65,94.91,-1.0
COIN,2023-12-04 09:30:00,141.27,139.9,142.64000000000001,1.0
COIN,2023-12-20 09:30:00,164.87,162.3018,167.43820000000002 165.83,0.6869013316719883
SU,2023-05-08 09:30:00,30.17,30.11,30.230000000000004,1.0
SU,2023-10-09 09:30:00,33.23,33.14,33.31999999999999 33.38,1.3333333333333992
SU,2023-11-09 09:30:00,32.14,32.0,32.28,-1.0
SU,2023-12-14 09:30:00,31.09,31.03,31.15,1.0
LEN,2023-06-15 09:30:00,118.29,117.04,119.54 119.35,0.9239999999999953
KVUE,2023-09-11 09:30:00,21.89,21.74,22.040000000000003,-1.0
KVUE,2023-12-19 09:30:00,21.86,21.58,22.14 22.095,0.9196428571428544
A,2023-11-21 09:30:00,122.06,121.23,122.89 123.42,1.3192771084337362
DDOG,2023-02-02 09:30:00,86.99,86.09,87.88999999999999,-1.0
DDOG,2023-02-09 09:30:00,84.35,83.935,84.76499999999999,-1.0
DDOG,2023-06-13 09:30:00,99.55,98.98,100.11999999999999,-1.0
DDOG,2023-07-12 09:30:00,107.09,106.315,107.86500000000001,-1.0
DDOG,2023-07-25 09:30:00,115.0,114.66,115.34 115.23,0.8382352941176495
DDOG,2023-07-27 09:30:00,112.47,112.1,112.84,-1.0
DDOG,2023-08-04 09:30:00,115.2014,113.85,116.55280000000002,-1.0
DDOG,2023-08-24 09:30:00,95.17,94.71,95.63000000000001,-1.0
DDOG,2023-09-29 09:30:00,91.89,91.51,92.27,-1.0
DDOG,2023-11-07 09:30:00,97.2599,96.17,98.3498 102.7,2.995687677768603
DDOG,2023-11-14 09:30:00,105.36,104.4,106.32 107.06,1.385416666666674
DASH,2023-05-05 09:30:00,63.0,61.82,64.18,-1.0
DASH,2023-11-02 09:30:00,85.465,84.39,86.54 89.1885,2.2318604651162754
DASH,2023-12-11 09:30:00,101.6347,101.045,102.22439999999999 102.87,1.5473969815160447
CNC,2023-04-03 09:30:00,64.16,63.89,64.42999999999999 64.72,1.5370370370370565
CNC,2023-04-25 09:30:00,69.04,68.905,69.17500000000001 70.16,4.648148148147955
D,2023-11-03 09:30:00,41.75,41.155,42.345 42.61,1.222689075630253
DOW,2023-04-12 09:30:00,57.45,57.34,57.56 57.435,0.4318181818181789
NU,2023-08-16 09:30:00,7.99,7.84,8.14,-1.0
NU,2023-10-19 09:30:00,8.01,7.93,8.09,-1.0
PLTR,2023-02-02 09:30:00,8.55,8.47,8.63 8.74,1.6874999999999958
PLTR,2023-02-14 09:30:00,8.4,8.26,8.540000000000001,-1.0
PLTR,2023-04-05 09:30:00,8.37,8.28,8.459999999999999,-1.0
PLTR,2023-05-09 09:30:00,8.83,8.68,8.98,-1.0
PLTR,2023-05-25 09:30:00,13.05,12.88,13.22,-1.0
PLTR,2023-05-30 09:30:00,14.38,14.24,14.520000000000001 14.6892,1.6042857142857057
PLTR,2023-06-13 09:30:00,16.09,15.96,16.22,-1.0
PLTR,2023-07-18 09:30:00,17.6,17.44,17.76,-1.0
PLTR,2023-07-31 09:30:00,18.62,18.38,18.860000000000003,1.0
PLTR,2023-08-24 09:30:00,15.4,15.31,15.49,-1.0
PLTR,2023-10-10 09:30:00,17.83,17.62,18.039999999999996 17.898,0.6619047619047673
PLTR,2023-12-15 09:30:00,18.5,18.36,18.64 18.535,0.625
LVS,2023-04-03 09:30:00,59.505,59.31,59.7,-1.0
LVS,2023-04-20 09:30:00,61.99,61.24,62.74,-1.0
LVS,2023-06-02 09:30:00,57.12,56.975,57.26499999999999,-1.0
LVS,2023-10-19 09:30:00,46.56,45.9,47.220000000000006,-1.0
ON,2023-03-29 09:30:00,77.89,77.71,78.07000000000001 77.98,0.75
ON,2023-05-01 09:30:00,74.825,74.5,75.15,-1.0
ON,2023-05-10 09:30:00,80.44,80.17,80.71,-1.0
ON,2023-05-30 09:30:00,88.57,88.02,89.11999999999999,-1.0
ON,2023-07-31 09:30:00,109.75,108.96,110.54 109.98,0.6455696202531659
ON,2023-11-14 09:30:00,69.4494,69.117,69.78179999999999 70.06,1.418471720818319
MRNA,2023-05-04 09:30:00,131.7,129.75,133.64999999999998 134.33,1.1743589743589844
MRNA,2023-05-24 09:30:00,140.69,139.5,141.88,-1.0
MRNA,2023-06-26 09:30:00,120.617,120.25,120.98400000000001 121.679,1.9468664850136033
MRNA,2023-11-14 09:30:00,73.73,72.99,74.47000000000001 74.29,0.8783783783783753
MRNA,2023-12-14 09:30:00,88.3,85.24,91.36 91.4318,1.01173202614379
SPOT,2023-03-22 09:30:00,131.19,130.53,131.85,-1.0
SPOT,2023-12-21 09:30:00,193.62,193.25,193.99,-1.0
TTD,2023-02-02 09:30:00,56.66,56.1,57.21999999999999,-1.0
TTD,2023-02-15 09:30:00,58.0,57.05,58.95 60.13,1.6210526315789453
TTD,2023-03-14 09:30:00,55.6,55.38,55.82 55.59,0.4772727272727317
TTD,2023-05-11 09:30:00,65.1781,63.72,66.6362,-1.0
TTD,2023-11-02 09:30:00,74.91,74.34,75.47999999999999 75.06,0.6315789473684277
TTD,2023-11-14 09:30:00,66.11,65.7,66.52 67.7,2.439024390243923
FIS,2023-02-09 09:30:00,75.67,75.05,76.29,-1.0
FIS,2023-04-27 09:30:00,58.525,57.6,59.449999999999996,-1.0
GEHC,2023-10-31 09:30:00,66.91,66.2529,67.5671 66.89,0.4847816161923634
PPG,2023-04-03 09:30:00,137.85,137.26,138.44 138.78,1.2881355932203402
MBLY,2023-04-28 09:30:00,36.3,36.0,36.599999999999994,-1.0
MBLY,2023-05-09 09:30:00,40.03,38.91,41.150000000000006 41.84,1.308035714285712
BKR,2023-05-05 09:30:00,27.84,27.7,27.98 28.1,1.4285714285714304
BKR,2023-06-13 09:30:00,30.3,30.18,30.42 30.565,1.6041666666666599
BKR,2023-10-09 09:30:00,34.6,34.455,34.745000000000005 34.71,0.8793103448275761
CTVA,2023-06-02 09:30:00,55.21,55.21,55.21,-1.0
GFS,2023-02-14 09:30:00,67.3567,66.6,68.11340000000001 70.51,2.5835866261397933
GFS,2023-02-23 09:30:00,65.59,65.5,65.68 65.35,-0.8333333333333333
ZS,2023-02-08 09:30:00,140.29,139.9201,140.6599,1.0
ZS,2023-05-08 09:30:00,105.8,103.6201,107.9799 107.28,0.839465113078582
ZS,2023-06-02 09:30:00,142.44,140.82,144.06,-1.0
ZS,2023-07-25 09:30:00,152.48,152.1,152.85999999999999,1.0
ZS,2023-10-19 09:30:00,173.665,172.89,174.44,-1.0
RCL,2023-02-07 09:30:00,72.51,71.8,73.22000000000001 74.57,1.950704225352088
RCL,2023-03-14 09:30:00,65.78,65.53,66.03,-1.0
RCL,2023-03-27 09:30:00,61.43,61.08,61.78,1.0
RCL,2023-05-04 09:30:00,72.17,72.0,72.34,-1.0
RCL,2023-07-27 09:30:00,108.93,108.1,109.76000000000002,-1.0
RCL,2023-09-19 09:30:00,97.67,97.34,98.0,1.0
RCL,2023-10-26 09:30:00,81.493,81.0,81.98599999999999,-1.0
HAL,2023-03-21 09:30:00,31.8,31.635,31.965,-1.0
HAL,2023-03-27 09:30:00,29.97,29.91,30.029999999999998,-1.0
HAL,2023-05-05 09:30:00,29.98,29.79,30.17 30.185,1.0394736842105181
HAL,2023-06-05 09:30:00,32.06,31.95,32.17,-1.0
HAL,2023-10-09 09:30:00,40.06,39.87,40.25000000000001 40.33,1.210526315789445
GOLD,2023-10-09 09:30:00,14.885,14.84,14.93 14.9331,1.0344444444444432
GOLD,2023-10-13 09:30:00,15.51,15.4242,15.595799999999999 15.695,1.5780885780885936
GOLD,2023-11-14 09:30:00,15.435,15.4,15.47,1.0
CVE,2023-06-05 09:30:00,17.315,17.25,17.380000000000003,-1.0
CVE,2023-12-26 09:30:00,17.1,17.07,17.130000000000003,-1.0
PWR,2023-11-02 09:30:00,167.32,166.24,168.39999999999998 170.24,1.8518518518518792
VEEV,2023-03-02 09:30:00,176.8,176.0,177.60000000000002,-1.0
VEEV,2023-06-01 09:30:00,188.2,187.55,188.84999999999997,-1.0
MDB,2023-07-18 09:30:00,414.25,411.1,417.4,-1.0
MDB,2023-11-14 09:30:00,389.0,386.07,391.93 390.95,0.8327645051194512
MDB,2023-11-30 09:30:00,440.88,436.13,445.63,-1.0
DVN,2023-06-02 09:30:00,47.91,47.71,48.10999999999999,-1.0
DVN,2023-06-05 09:30:00,49.51,49.4075,49.6125 49.55,0.6951219512195097
DVN,2023-06-13 09:30:00,50.62,50.32,50.919999999999995 51.08,1.2666666666666755
DVN,2023-10-09 09:30:00,45.04,44.87,45.21 45.4501,1.706176470588223
DG,2023-06-14 09:30:00,162.21,161.815,162.60500000000002,1.0
DG,2023-10-13 09:30:00,110.35,109.02,111.67999999999999,-1.0
DG,2023-12-07 09:30:00,137.65,136.13,139.17000000000002,-1.0
CPNG,2023-02-02 09:30:00,17.2,17.12,17.279999999999998,1.0
CPNG,2023-03-22 09:30:00,13.89,13.84,13.940000000000001 13.91,0.6999999999999929
CPNG,2023-08-09 09:30:00,19.68,19.31,20.05,-1.0
RBLX,2023-03-14 09:30:00,42.59,42.14,43.040000000000006 42.96,0.9111111111111057
RBLX,2023-03-24 09:30:00,44.1727,43.8,44.5454 44.11,0.41588408907968977
RBLX,2023-05-10 09:30:00,36.9889,36.361,37.616800000000005 37.73,1.0901417423156485
RBLX,2023-05-11 09:30:00,40.75,40.18,41.32 40.89,0.62280701754386
RBLX,2023-06-13 09:30:00,40.34,40.03,40.650000000000006,-1.0
RBLX,2023-07-18 09:30:00,45.1842,44.9,45.468399999999995,-1.0
RBLX,2023-07-27 09:30:00,40.84,40.76,40.92000000000001,-1.0
RBLX,2023-08-04 09:30:00,37.85,37.7,38.0 38.175,1.5833333333333295
RBLX,2023-10-27 09:30:00,31.81,31.56,32.06 31.8,0.480000000000004
RBLX,2023-11-02 09:30:00,33.015,32.81,33.22 33.34,1.2926829268292819
RBLX,2023-11-14 09:30:00,40.09,39.89,40.290000000000006,-1.0
RBLX,2023-12-08 09:30:00,41.91,41.29,42.529999999999994,-1.0
NET,2023-02-10 09:30:00,59.55,58.65,60.449999999999996 59.4,0.4166666666666673
NET,2023-05-10 09:30:00,48.61,48.26,48.96,-1.0
NET,2023-05-25 09:30:00,57.92,57.88,57.96,-1.0
NET,2023-05-30 09:30:00,63.0387,62.56,63.517399999999995 64.05,1.5562983079172825
NET,2023-06-02 09:30:00,71.055,70.53,71.58000000000001 71.32,0.7523809523809366
NET,2023-06-13 09:30:00,67.0,66.57,67.43 67.994,1.6558139534883536
NET,2023-07-12 09:30:00,68.43,68.1395,68.72050000000002,1.0
NET,2023-07-18 09:30:00,73.2966,72.74,73.8532,-1.0
NET,2023-07-27 09:30:00,67.25,67.06,67.44,1.0
NET,2023-09-27 09:30:00,59.89,59.2623,60.5177,-1.0
NET,2023-11-02 09:30:00,57.4,57.12,57.68,1.0
SNAP,2023-02-02 09:30:00,10.8,10.67,10.930000000000001,-1.0
SNAP,2023-03-16 09:30:00,10.51,10.38,10.639999999999999 10.885,1.9423076923077034
SNAP,2023-04-18 09:30:00,11.14,11.07,11.21 11.14,0.5
SNAP,2023-04-26 09:30:00,10.22,10.155,10.285000000000002,-1.0
SNAP,2023-05-10 09:30:00,8.46,8.4204,8.499600000000001 8.5818,2.0378787878787668
SNAP,2023-06-29 09:30:00,11.755,11.65,11.860000000000001 11.805,0.738095238095232
SNAP,2023-09-29 09:30:00,8.72,8.69,8.750000000000002 8.75,0.9999999999999705
SNAP,2023-10-25 09:30:00,10.01,9.92,10.1,-1.0
SNAP,2023-12-11 09:30:00,15.81,15.73,15.89,-1.0
DFS,2023-08-17 09:30:00,92.0,91.67,92.33 91.931,0.39545454545454095
TTWO,2023-05-18 09:30:00,137.58,134.76,140.40000000000003 138.435,0.651595744680848
TTWO,2023-11-08 09:30:00,146.24,145.14,147.34000000000003,1.0
WBD,2023-03-17 09:30:00,14.685,14.57,14.8 14.59,0.08695652173912843
AEM,2023-10-13 09:30:00,48.16,47.92,48.39999999999999,-1.0
AEM,2023-11-14 09:30:00,47.66,47.4308,47.889199999999995 48.06,1.3726003490401568
AEM,2023-12-22 09:30:00,55.68,55.52,55.839999999999996 56.16,2.000000000000022
XYL,2023-05-31 09:30:00,100.74,100.19,101.28999999999999,-1.0
DAL,2023-07-13 09:30:00,49.2611,48.9209,49.601299999999995,-1.0
DAL,2023-10-12 09:30:00,36.0,35.68,36.32 36.025,0.5390624999999978
DAL,2023-11-14 09:30:00,35.16,35.1,35.21999999999999,-1.0
RMD,2023-09-28 09:30:00,151.14,150.585,151.69499999999996 151.685,0.9909909909910244
PINS,2023-03-27 09:30:00,28.77,28.5442,28.9958 28.855,0.688219663418957
PINS,2023-07-18 09:30:00,30.45,30.06,30.84,-1.0
PINS,2023-07-27 09:30:00,28.3325,28.15,28.515,-1.0
PINS,2023-08-21 09:30:00,26.93,26.81,27.05 27.475,2.7708333333333215
PINS,2023-09-20 09:30:00,27.6599,27.42,27.8998 27.69,0.5627344726969593
PINS,2023-10-23 09:30:00,26.19,26.01,26.37 26.32,0.8611111111111089
PINS,2023-10-31 09:30:00,28.335,28.05,28.62,-1.0
PINS,2023-12-11 09:30:00,35.74,35.44,36.040000000000006,-1.0
APTV,2023-07-06 09:30:00,105.0,104.45,105.55 105.2,0.6818181818181853
APTV,2023-08-03 09:30:00,110.745,109.46,112.03000000000002 111.76,0.894941634241242
CAH,2023-02-03 09:30:00,78.405,77.63,79.18,-1.0
CCL,2023-02-02 09:30:00,11.6628,11.6,11.725600000000002 11.6625,0.49761146496814435
CCL,2023-02-07 09:30:00,12.115,12.0501,12.1799 12.37,2.464560862865948
CCL,2023-03-03 09:30:00,11.0199,10.9601,11.079699999999999,-1.0
CCL,2023-03-27 09:30:00,9.18,9.11,9.25,1.0
CCL,2023-03-29 09:30:00,9.77,9.64,9.899999999999999 9.805,0.6346153846153861
CCL,2023-05-04 09:30:00,9.8,9.72,9.88,-1.0
CCL,2023-06-12 09:30:00,13.98,13.84,14.120000000000001 14.3706,1.8949999999999914
CCL,2023-06-30 09:30:00,17.71,17.62,17.8 18.4503,4.612777777777771
CCL,2023-07-27 09:30:00,18.4,18.22,18.58,-1.0
CCL,2023-10-26 09:30:00,11.19,11.11,11.27,-1.0
CCL,2023-11-14 09:30:00,13.4099,13.33,13.4898 13.54,1.314142678347924
CCL,2023-11-22 09:30:00,14.58,14.495,14.665000000000001 14.535,0.23529411764706187
FITB,2023-03-14 09:30:00,27.82,27.43,28.21,-1.0
FITB,2023-03-21 09:30:00,26.91,26.51,27.31,-1.0
FITB,2023-05-05 09:30:00,24.39,24.24,24.540000000000003,-1.0
FITB,2023-05-08 09:30:00,25.33,25.215,25.444999999999997,-1.0
FITB,2023-06-02 09:30:00,25.2415,25.105,25.377999999999997 25.63,1.923076923076945
FITB,2023-07-20 09:30:00,28.68,28.52,28.84 28.91,1.2187500000000007
FITB,2023-09-13 09:30:00,28.135,28.07,28.200000000000003,-1.0
MTB,2023-03-14 09:30:00,133.3673,131.87,134.8646,-1.0
WBA,2023-10-23 09:30:00,21.57,21.38,21.76 21.6002,0.5794736842105276
RIVN,2023-02-02 09:30:00,20.4918,20.34,20.643600000000003 20.69,1.1528326745717985
RIVN,2023-02-09 09:30:00,20.61,20.47,20.75,-1.0
RIVN,2023-02-27 09:30:00,17.74,17.62,17.859999999999996 17.73,0.45833333333334075
RIVN,2023-03-30 09:30:00,14.51,14.44,14.58,-1.0
RIVN,2023-05-10 09:30:00,15.09,14.84,15.34 15.42,1.1600000000000001
RIVN,2023-05-30 09:30:00,15.56,15.45,15.670000000000002,-1.0
RIVN,2023-06-02 09:30:00,14.97,14.9,15.040000000000001 14.98,0.5714285714285696
RIVN,2023-07-05 09:30:00,20.04,19.77,20.31 20.075,0.5648148148148152
RIVN,2023-07-07 09:30:00,23.11,22.6,23.619999999999997 23.7,1.0784313725490218
RIVN,2023-07-21 09:30:00,26.38,26.17,26.589999999999996 26.4699,0.714047619047622
RIVN,2023-07-27 09:30:00,27.58,27.36,27.799999999999997 27.4791,0.2706818181818185
RIVN,2023-10-10 09:30:00,19.301,19.1099,19.492099999999997 19.37,0.6805337519623315
RIVN,2023-11-03 09:30:00,17.7499,17.66,17.8398,-1.0
RIVN,2023-11-08 09:30:00,17.43,17.28,17.58 17.815,1.7833333333333508
RIVN,2023-11-14 09:30:00,16.72,16.57,16.869999999999997 16.8665,0.9883333333333367
ILMN,2023-06-12 09:30:00,204.72,203.04,206.4,-1.0
PHM,2023-11-14 09:30:00,85.91,85.305,86.51499999999999 87.02,1.4173553719008414
ZM,2023-02-02 09:30:00,80.24,79.51,80.96999999999998 80.265,0.517123287671237
ZM,2023-02-28 09:30:00,75.26,74.32,76.20000000000002,-1.0
ZM,2023-11-14 09:30:00,63.07,62.83,63.31 63.64,1.6874999999999907
HWM,2023-03-31 09:30:00,42.37,42.3194,42.42059999999999,1.0
TECK,2023-02-21 09:30:00,45.6299,45.4,45.8598,-1.0
TECK,2023-03-01 09:30:00,40.89,40.71,41.07 41.89,3.277777777777782
TECK,2023-04-03 09:30:00,40.88,40.47,41.290000000000006 42.015,1.8841463414633997
TECK,2023-04-26 09:30:00,45.07,44.87,45.27,-1.0
TECK,2023-05-31 09:30:00,39.35,39.05,39.650000000000006,-1.0
TECK,2023-06-02 09:30:00,42.3,42.13,42.46999999999999,-1.0
TECK,2023-11-14 09:30:00,37.94,37.3,38.58,-1.0
EXPE,2023-05-05 09:30:00,95.5,93.75,97.25 95.83,0.5942857142857138
EXPE,2023-11-17 09:30:00,133.35,132.69,134.01,-1.0
LYV,2023-11-03 09:30:00,83.5,82.24,84.76,-1.0
SIRI,2023-08-10 09:30:00,5.0,4.99,5.01,-1.0
ROL,2023-10-26 09:30:00,36.7,36.07,37.330000000000005,-1.0
BLDR,2023-08-02 09:30:00,148.9599,145.43,152.4898,1.0
IFF,2023-11-07 09:30:00,77.02,76.7,77.33999999999999,-1.0
STLD,2023-08-14 09:30:00,103.765,103.3,104.23,-1.0
STLD,2023-12-18 09:30:00,126.0,125.18,126.82,1.0
CTRA,2023-04-03 09:30:00,25.42,25.31,25.530000000000005 25.37,0.2727272727272757
CTRA,2023-06-05 09:30:00,24.25,24.21,24.29,-1.0
CCJ,2023-02-09 09:30:00,28.3,28.01,28.59 29.0396,1.7751724137931062
CCJ,2023-10-31 09:30:00,39.45,39.0,39.900000000000006 40.46,1.622222222222213
VRT,2023-06-09 09:30:00,21.19,21.13,21.250000000000004,-1.0
VRT,2023-08-02 09:30:00,32.3557,31.69,33.0214,-1.0
VRT,2023-08-24 09:30:00,36.06,35.8854,36.23460000000001 36.12,0.6718213058419055
VRT,2023-10-25 09:30:00,37.41,37.41,37.41 39.23,91.50000000000001
IOT,2023-12-14 09:30:00,36.4,36.18,36.62 36.3965,0.49204545454546494
HBAN,2023-03-21 09:30:00,11.01,10.9,11.12 11.105,0.931818181818187
HBAN,2023-04-14 09:30:00,11.5099,11.46,11.5598,-1.0
HBAN,2023-05-05 09:30:00,9.66,9.52,9.8 9.785,0.9464285714285696
HBAN,2023-05-08 09:30:00,10.045,9.99,10.1,-1.0
HBAN,2023-06-02 09:30:00,10.7,10.65,10.749999999999998 10.715,0.6500000000000089
ENPH,2023-02-02 09:30:00,230.2869,228.6,231.9738 233.4001,1.4227577212638538
ENPH,2023-02-08 09:30:00,239.55,236.53,242.57000000000002,-1.0
ENPH,2023-03-21 09:30:00,197.0488,195.2901,198.8075 203.32,2.2829078296468914
ENPH,2023-03-30 09:30:00,209.5,208.5347,210.4653 211.78,1.6809800062156686
ENPH,2023-05-04 09:30:00,157.93,156.72,159.14000000000001 158.44,0.7107438016528874
ENPH,2023-06-02 09:30:00,183.69,182.59,184.79,1.0
ENPH,2023-12-15 09:30:00,122.3999,121.42,123.3798,-1.0
ENPH,2023-12-19 09:30:00,127.07,125.5,128.64 133.345,2.4984076433121123
FSLR,2023-03-01 09:30:00,180.41,177.29,183.53 188.88,1.8573717948717927
FSLR,2023-07-07 09:30:00,188.4994,186.5437,190.45510000000002,1.0
FSLR,2023-07-28 09:30:00,207.88,203.8,211.95999999999998,-1.0
FSLR,2023-09-08 09:30:00,185.4974,184.55,186.4448 185.17,0.32721131517837465
FSLR,2023-10-12 09:30:00,155.44,154.6,156.28 155.1568,0.33142857142857585
FSLR,2023-10-19 09:30:00,155.39,154.14,156.64,-1.0
FSLR,2023-11-01 09:30:00,149.89,148.05,151.72999999999996,-1.0
FSLR,2023-12-15 09:30:00,163.0,161.7,164.3,-1.0
BMRN,2023-11-07 09:30:00,82.2,82.0,82.4 82.99,2.474999999999952
RF,2023-05-05 09:30:00,16.27,16.195,16.345,1.0
RF,2023-05-08 09:30:00,16.53,16.48,16.580000000000002,-1.0
RF,2023-11-03 09:30:00,15.86,15.8,15.919999999999998 16.005,1.7083333333333555
STX,2023-10-26 09:30:00,68.14,67.8,68.48,1.0
ALB,2023-05-03 09:30:00,179.47,178.72,180.22 179.93,0.806666666666672
ALB,2023-05-22 09:30:00,207.96,207.0,208.92000000000002 209.9246,1.523229166666653
ALB,2023-08-03 09:30:00,208.75,207.01,210.49,1.0
ALB,2023-10-12 09:30:00,170.63,169.75,171.51,-1.0
ALB,2023-11-03 09:30:00,127.5,127.095,127.905 133,7.290123456790105
ALB,2023-11-29 09:30:00,126.73,126.29,127.17 126.56,0.3068181818181789
LUV,2023-11-14 09:30:00,23.56,23.46,23.659999999999997 23.68,1.1000000000000179
YUMC,2023-03-17 09:30:00,62.53,62.21,62.85 62.6,0.6093750000000003
WDC,2023-05-15 09:30:00,34.99,34.56,35.42 35.12,0.6511627906976692
WDC,2023-10-30 09:30:00,42.35,41.7,43.0 42.91,0.930769230769228
WDC,2023-11-14 09:30:00,46.16,45.81,46.50999999999999,-1.0
DT,2023-10-12 09:30:00,49.1268,48.85,49.403600000000004,-1.0
DKNG,2023-02-02 09:30:00,17.02,16.88,17.16 17.2584,1.3514285714285759
DKNG,2023-02-17 09:30:00,20.0,19.62,20.38 20.42,1.0526315789473721
DKNG,2023-03-07 09:30:00,19.78,19.615,19.945000000000004,-1.0
DKNG,2023-04-18 09:30:00,19.86,19.8,19.919999999999998,-1.0
DKNG,2023-05-05 09:30:00,23.35,23.03,23.67,1.0
DKNG,2023-09-26 09:30:00,28.3799,28.155,28.604799999999997 28.5499,0.877945753668304
JBL,2023-12-14 09:30:00,128.385,127.12,129.64999999999998,-1.0
EDR,2023-04-25 09:30:00,25.48,25.03,25.93 25.82,0.8777777777777782
BBY,2023-05-25 09:30:00,70.8699,69.77,71.9698 70.7901,0.4637239749068072
BBY,2023-08-29 09:30:00,75.79,74.63,76.95000000000002 77.83,1.3793103448275748
SMCI,2023-06-09 09:30:00,263.44,262.0101,264.8699,-1.0
SMCI,2023-07-27 09:30:00,326.5,324.09,328.91,-1.0
SMCI,2023-08-07 09:30:00,345.95,343.5,348.4,-1.0
SMCI,2023-08-24 09:30:00,278.6961,276.31,281.0822,-1.0
SMCI,2023-11-02 09:30:00,261.5879,257.0,266.1758,-1.0
SMCI,2023-11-09 09:30:00,264.04,262.0,266.08000000000004 264.34,0.573529411764694
SMCI,2023-11-14 09:30:00,267.0,264.53,269.47 272.52,1.617408906882575
EQT,2023-04-03 09:30:00,32.58,32.44,32.72,1.0
EQT,2023-04-10 09:30:00,32.94,32.77,33.10999999999999 33.71,2.7647058823530224
EQT,2023-06-05 09:30:00,37.36,37.23,37.49,-1.0
EQT,2023-08-09 09:30:00,43.48,43.29,43.669999999999995 43.85,1.4736842105263395
SYF,2023-03-27 09:30:00,28.96,28.85,29.07,-1.0
SYF,2023-04-19 09:30:00,31.22,30.8614,31.578599999999998,-1.0
CFG,2023-03-27 09:30:00,31.68,31.54,31.82,1.0
CFG,2023-05-05 09:30:00,25.71,25.63,25.790000000000003,1.0
CFG,2023-05-08 09:30:00,26.98,26.77,27.19,-1.0
CFG,2023-11-03 09:30:00,26.08,25.97,26.189999999999998,-1.0
MGM,2023-02-09 09:30:00,44.53,44.08,44.980000000000004 45.18,1.222222222222216
MGM,2023-04-12 09:30:00,44.24,44.12,44.36000000000001,-1.0
MGM,2023-10-06 09:30:00,35.45,35.17,35.730000000000004,-1.0
MGM,2023-11-09 09:30:00,39.6,39.21,39.99,-1.0
PODD,2023-12-04 09:30:00,197.21,195.08,199.34,-1.0
U,2023-02-02 09:30:00,39.83,39.38,40.279999999999994,-1.0
U,2023-03-17 09:30:00,28.73,28.61,28.85,-1.0
U,2023-04-12 09:30:00,31.34,31.26,31.419999999999998,-1.0
U,2023-05-10 09:30:00,28.602,28.43,28.774,-1.0
U,2023-05-11 09:30:00,30.64,30.0,31.28 30.97,0.7578124999999984
U,2023-06-02 09:30:00,30.6783,30.52,30.8366 30.6,0.25268477574226644
U,2023-06-09 09:30:00,37.205,36.8,37.61 37.71,1.1234567901234582
U,2023-06-16 09:30:00,42.675,42.15,43.199999999999996,-1.0
U,2023-06-27 09:30:00,39.26,38.8,39.72 39.87,1.1630434782608678
U,2023-07-12 09:30:00,44.37,43.83,44.91,-1.0
U,2023-07-27 09:30:00,45.41,45.08,45.739999999999995 46.62,2.333333333333344
U,2023-07-31 09:30:00,46.33,46.2102,46.449799999999996 46.0901,-0.5012520868113641
U,2023-08-28 09:30:00,35.265,35.11,35.42 35.23,0.3870967741935373
U,2023-10-10 09:30:00,30.96,30.54,31.380000000000003 31.25,0.8452380952380929
U,2023-11-02 09:30:00,26.3,26.12,26.48 26.485,1.0138888888888862
U,2023-11-14 09:30:00,28.5199,28.33,28.7098,1.0
AFRM,2023-03-30 09:30:00,10.74,10.68,10.8,-1.0
AFRM,2023-04-12 09:30:00,12.23,12.11,12.350000000000001,-1.0
AFRM,2023-06-07 09:30:00,18.18,17.9,18.46 18.0389,0.24803571428571886
AFRM,2023-07-12 09:30:00,16.6301,16.52,16.740199999999998 16.731,0.9582198001816695
AFRM,2023-11-09 09:30:00,25.2596,24.43,26.089199999999998 26.28,1.1149951783992305
AFRM,2023-12-22 09:30:00,49.017,48.5601,49.47390000000001 49.225,0.7276209236156668
OKTA,2023-02-02 09:30:00,81.12,80.5,81.74000000000001,-1.0
OKTA,2023-03-02 09:30:00,79.2699,78.0,80.53980000000001,-1.0
OKTA,2023-05-30 09:30:00,89.87,89.55,90.19000000000001 90.06,0.7968749999999896
MRO,2023-05-05 09:30:00,22.96,22.86,23.060000000000002 22.96,0.5
MRO,2023-05-08 09:30:00,23.38,23.3,23.459999999999997 23.41,0.6875000000000111
MRO,2023-06-02 09:30:00,23.0,22.88,23.12,-1.0
MRO,2023-06-05 09:30:00,23.88,23.81,23.95,-1.0
MRO,2023-10-09 09:30:00,25.5008,25.37,25.631600000000002 25.73,1.376146788990816
MRO,2023-10-13 09:30:00,27.395,27.29,27.5,-1.0
PATH,2023-02-02 09:30:00,17.81,17.69,17.929999999999996,-1.0
PATH,2023-04-12 09:30:00,16.865,16.83,16.9,-1.0
PATH,2023-05-30 09:30:00,16.4762,16.32,16.632399999999997,1.0
PATH,2023-06-02 09:30:00,18.7,18.349,19.051 19.2,1.212250712250714
PATH,2023-06-07 09:30:00,19.51,19.41,19.610000000000003,1.0
PATH,2023-06-13 09:30:00,18.2,18.1143,18.2857,-1.0
PATH,2023-07-12 09:30:00,18.14,17.98,18.3,-1.0
PATH,2023-07-27 09:30:00,17.69,17.6,17.78 17.73,0.7222222222222179
PATH,2023-12-01 09:30:00,22.94,22.13,23.750000000000004 23.415,0.7932098765432077
PATH,2023-12-14 09:30:00,25.9,25.8,25.999999999999996,-1.0
UAL,2023-11-02 09:30:00,35.53,35.4325,35.627500000000005,1.0
UAL,2023-11-14 09:30:00,39.067,38.93,39.204,-1.0
APP,2023-08-22 09:30:00,40.07,39.75,40.39,-1.0
TWLO,2023-02-02 09:30:00,65.47,65.03,65.91 65.01,-0.022727272727268377
TWLO,2023-02-13 09:30:00,61.2,60.55,61.85000000000001,-1.0
TWLO,2023-06-02 09:30:00,68.6199,68.1535,69.08630000000001,-1.0
TWLO,2023-07-12 09:30:00,66.355,66.0001,66.7099,1.0
TWLO,2023-07-27 09:30:00,62.9,62.7,63.099999999999994,-1.0
TWLO,2023-08-09 09:30:00,63.3,62.05,64.55,-1.0
TWLO,2023-11-07 09:30:00,54.69,54.44,54.94 54.86,0.8400000000000034
TWLO,2023-11-09 09:30:00,57.7,57.0,58.400000000000006 59.3,1.6428571428571341
TWLO,2023-11-14 09:30:00,59.91,59.71,60.10999999999999 60.47,1.9000000000000354
Z,2023-02-13 09:30:00,44.26,44.15,44.37,-1.0
Z,2023-02-27 09:30:00,42.2,41.97,42.43000000000001,-1.0
Z,2023-07-11 09:30:00,50.49,50.09,50.89 50.8201,0.9126249999999946
Z,2023-11-02 09:30:00,36.29,35.85,36.73,-1.0
KEY,2023-03-14 09:30:00,13.13,13.05,13.21,1.0
KEY,2023-03-27 09:30:00,12.86,12.77,12.95,-1.0
KEY,2023-03-30 09:30:00,12.87,12.79,12.95,-1.0
KEY,2023-04-14 09:30:00,12.4,12.355,12.445,-1.0
KEY,2023-05-05 09:30:00,9.75,9.66,9.84,-1.0
KEY,2023-05-08 09:30:00,9.89,9.85,9.930000000000001,-1.0
KEY,2023-06-02 09:30:00,9.895,9.83,9.959999999999999 9.96,1.0000000000000138
KEY,2023-11-06 09:30:00,11.46,11.4348,11.485200000000003,-1.0
EXAS,2023-03-09 09:30:00,67.3994,66.9149,67.8839 67.36,0.4593395252837969
EXAS,2023-06-21 09:30:00,95.0161,93.59,96.44219999999999 95.995,0.843208751139477
EXAS,2023-12-20 09:30:00,74.3,73.5,75.1 74.9325,0.895312500000006
FLEX,2023-10-26 09:30:00,25.01,24.732,25.288000000000004 25.055,0.5809352517985572
ROKU,2023-03-30 09:30:00,64.8799,64.41,65.34980000000002,-1.0
ROKU,2023-04-12 09:30:00,65.07,64.75,65.38999999999999 64.85,0.15624999999999445
ROKU,2023-07-12 09:30:00,77.8961,77.1201,78.67210000000001 78.3103,0.7668814432989616
ROKU,2023-07-27 09:30:00,73.08,72.6612,73.4988,-1.0
ROKU,2023-11-02 09:30:00,70.02,69.27,70.77 72.33,2.040000000000002
ROKU,2023-11-14 09:30:00,87.25,86.82,87.68 87.46,0.7441860465116168
DINO,2023-04-03 09:30:00,49.81,49.5,50.120000000000005 49.8,0.48387096774192734
BURL,2023-11-21 09:30:00,158.29,156.01,160.57 161.11,1.1184210526315834
DOCU,2023-02-02 09:30:00,64.6,64.41,64.78999999999999 65.45,2.7368421052632073
DOCU,2023-07-12 09:30:00,52.1299,52.0432,52.2166 52.14,0.5582468281430293
KMX,2023-12-21 09:30:00,82.305,81.74,82.87000000000002,1.0
FND,2023-02-24 09:30:00,90.135,89.365,90.90500000000002,-1.0
RBA,2023-03-06 09:30:00,62.36,61.77,62.949999999999996,-1.0
OVV,2023-04-03 09:30:00,38.84,38.39,39.290000000000006 39.18,0.8777777777777713
OVV,2023-06-05 09:30:00,37.32,37.0,37.64,-1.0
OVV,2023-07-28 09:30:00,44.5,43.85,45.15,-1.0
MOS,2023-06-02 09:30:00,32.6,32.36,32.84 32.78,0.8749999999999962
MOS,2023-12-18 09:30:00,37.33,37.22,37.44 37.42,0.9090909090909267
DKS,2023-09-29 09:30:00,109.29,108.5,110.08000000000001,-1.0
DKS,2023-11-21 09:30:00,129.5,128.0,131.0 129.5989,0.532966666666662
CELH,2023-08-09 09:30:00,54.8967,53.5167,56.276700000000005 55.9517,0.8822463768115933
CELH,2023-11-02 09:30:00,53.6667,52.7667,54.5667,-1.0
CELH,2023-11-03 09:30:00,55.8317,55.4183,56.245099999999994,-1.0
NRG,2023-05-15 09:30:00,33.88,33.6,34.160000000000004 33.685,0.1517857142857152
NRG,2023-06-22 09:30:00,35.07,34.94,35.2,1.0
ESTC,2023-09-21 09:30:00,77.7,77.42,77.98,-1.0
ESTC,2023-11-07 09:30:00,74.205,73.955,74.455,-1.0
HOOD,2023-07-11 09:30:00,11.45,11.37,11.53,-1.0
HOOD,2023-12-06 09:30:00,10.82,10.73,10.91,1.0
HOOD,2023-12-14 09:30:00,12.2799,12.14,12.419799999999999,-1.0
TOL,2023-05-25 09:30:00,67.91,67.64,68.17999999999999,-1.0
TOL,2023-08-23 09:30:00,77.62,77.53,77.71000000000001,-1.0
APA,2023-05-08 09:30:00,33.86,33.74,33.98,1.0
APA,2023-10-09 09:30:00,38.86,38.53,39.19 39.15,0.9393939393939403
QRVO,2023-05-04 09:30:00,97.0682,95.94,98.19640000000001,1.0
QRVO,2023-08-03 09:30:00,108.11,106.31,109.91,-1.0
CVNA,2023-03-22 09:30:00,9.8,9.41,10.190000000000001,-1.0
CVNA,2023-05-25 09:30:00,12.0,11.85,12.15,-1.0
CVNA,2023-06-01 09:30:00,13.61,13.42,13.799999999999999 13.86,1.157894736842107
CVNA,2023-06-13 09:30:00,21.97,21.7,22.24 21.76,0.11111111111111549
CVNA,2023-06-29 09:30:00,27.77,27.5,28.04,-1.0
CVNA,2023-07-05 09:30:00,25.39,25.04,25.740000000000002,-1.0
CVNA,2023-07-19 09:30:00,52.475,50.34,54.61,1.0
CVNA,2023-08-09 09:30:00,45.64,45.0916,46.1884 45.4925,0.36551787016776016
CVNA,2023-09-29 09:30:00,42.62,42.02,43.21999999999999,-1.0
CVNA,2023-11-14 09:30:00,31.49,31.09,31.889999999999997,-1.0
CVNA,2023-12-19 09:30:00,58.3704,57.5108,59.22999999999999 59.1937,0.9788855281526347
CHWY,2023-05-03 09:30:00,31.47,31.31,31.63 31.94,1.9687500000000062
CHWY,2023-07-17 09:30:00,38.02,37.61,38.43000000000001,-1.0
CHWY,2023-10-31 09:30:00,19.0799,18.78,19.379799999999996 19.165,0.6418806268756274
CHWY,2023-11-02 09:30:00,19.36,19.28,19.439999999999998,-1.0
CHWY,2023-12-14 09:30:00,21.21,20.985,21.435000000000002 21.8901,2.0113333333333223
CHWY,2023-12-19 09:30:00,22.64,22.45,22.830000000000002 23.165,1.881578947368408
CLF,2023-03-01 09:30:00,21.63,21.56,21.7,1.0
CLF,2023-03-14 09:30:00,19.68,19.61,19.75 19.69,0.5714285714285823
CLF,2023-03-20 09:30:00,17.93,17.85,18.009999999999998,-1.0
CLF,2023-04-11 09:30:00,18.2287,18.13,18.3274 18.305,0.886524822695031
CLF,2023-05-08 09:30:00,15.2001,15.12,15.280200000000002,-1.0
CLF,2023-06-02 09:30:00,14.64,14.57,14.71,1.0
CLF,2023-06-14 09:30:00,17.0,16.88,17.12 17.0299,0.624583333333338
CLF,2023-07-31 09:30:00,17.5,17.445,17.555 17.4919,0.4263636363636461
CLF,2023-10-24 09:30:00,14.8,14.58,15.020000000000001 15.39,1.8409090909090866
CLF,2023-11-14 09:30:00,16.97,16.9,17.04,-1.0
PR,2023-10-09 09:30:00,13.73,13.66,13.8 13.885,1.607142857142848
XPO,2023-07-18 09:30:00,67.08,66.43,67.72999999999999,-1.0
XPO,2023-10-30 09:30:00,72.39,71.55,73.23 75.825,2.54464285714285
ALLY,2023-04-14 09:30:00,27.2,27.11,27.29,-1.0
ALLY,2023-05-05 09:30:00,24.9,24.71,25.089999999999996 24.98,0.710526315789481
ETSY,2023-02-02 09:30:00,143.18,142.14,144.22000000000003 144.7,1.2307692307692077
ETSY,2023-02-23 09:30:00,121.65,120.37,122.93 125.1,1.8476562499999944
ETSY,2023-04-04 09:30:00,112.9036,112.35,113.4572,-1.0
ETSY,2023-06-09 09:30:00,90.8299,90.45,91.20979999999999 91.23,1.0265859436694096
ETSY,2023-09-14 09:30:00,67.17,66.65,67.69,-1.0
ETSY,2023-11-14 09:30:00,66.105,65.775,66.435 67.24,2.219696969696965
CZR,2023-11-01 09:30:00,40.37,39.71,41.029999999999994,-1.0
PARA,2023-02-02 09:30:00,24.98,24.85,25.11,-1.0
PARA,2023-02-15 09:30:00,22.91,22.66,23.16 22.94,0.5600000000000023
PARA,2023-03-28 09:30:00,22.2,22.1,22.299999999999997,1.0
PARA,2023-05-26 09:30:00,14.89,14.66,15.120000000000001,-1.0
PARA,2023-05-31 09:30:00,15.47,15.39,15.55 15.63,1.5
PARA,2023-11-03 09:30:00,13.04,12.85,13.229999999999999 13.395,1.434210526315793
PARA,2023-12-11 09:30:00,17.37,17.27,17.470000000000002,-1.0
GTLB,2023-06-06 09:30:00,43.94,42.89,44.989999999999995,-1.0
GTLB,2023-12-05 09:30:00,58.0,57.04,58.96 58.27,0.6406250000000016
TOST,2023-02-02 09:30:00,24.0,23.8677,24.1323 24.06,0.7267573696145063
TOST,2023-02-13 09:30:00,23.48,23.4,23.560000000000002 23.84,2.7499999999999445
TOST,2023-03-14 09:30:00,17.65,17.6,17.699999999999996 17.7601,1.6010000000000901
TOST,2023-05-10 09:30:00,19.965,19.71,20.22 20.015,0.5980392156862763
TOST,2023-08-09 09:30:00,23.05,22.77,23.330000000000002 23.85,1.928571428571424
MTCH,2023-05-03 09:30:00,35.82,34.89,36.75 36.72,0.9838709677419348
MTCH,2023-06-09 09:30:00,39.75,39.625,39.875 39.76,0.539999999999992
MTCH,2023-06-13 09:30:00,42.68,42.39,42.97,-1.0
MTCH,2023-09-13 09:30:00,43.42,42.96,43.88,-1.0
DVA,2023-11-08 09:30:00,87.94,86.0,89.88,-1.0
KNX,2023-10-20 09:30:00,51.9,51.0,52.8,-1.0
JNPR,2023-06-30 09:30:00,31.37,31.29,31.450000000000003 31.5406,1.5662499999999773
AAL,2023-05-31 09:30:00,14.85,14.7884,14.9116,1.0
AAL,2023-11-14 09:30:00,12.18,12.1314,12.2286,-1.0
SOFI,2023-02-02 09:30:00,7.7,7.635,7.765000000000001 7.9415,2.3576923076922918
SOFI,2023-03-22 09:30:00,5.7794,5.71,5.8488 5.82,0.7925072046109544
SOFI,2023-04-14 09:30:00,5.9399,5.91,5.969799999999999,-1.0
SOFI,2023-05-01 09:30:00,6.03,5.96,6.1000000000000005,-1.0
SOFI,2023-05-05 09:30:00,5.02,4.9907,5.049299999999999 5.02,0.5
SOFI,2023-05-10 09:30:00,5.51,5.49,5.529999999999999,-1.0
SOFI,2023-06-07 09:30:00,7.84,7.75,7.93,-1.0
SOFI,2023-06-13 09:30:00,9.33,9.24,9.42,-1.0
SOFI,2023-07-12 09:30:00,9.24,9.2,9.280000000000001,-1.0
SOFI,2023-11-02 09:30:00,7.94,7.88,8.0 8.105,1.874999999999989
SOFI,2023-11-14 09:30:00,7.34,7.26,7.42,1.0
BILL,2023-07-12 09:30:00,123.76,123.23,124.29,-1.0
BILL,2023-11-14 09:30:00,58.1,57.6,58.6 58.31,0.7100000000000009
BILL,2023-12-05 09:30:00,71.24,70.45,72.02999999999999,-1.0
NCLH,2023-02-02 09:30:00,16.43,16.37,16.49,-1.0
NCLH,2023-02-07 09:30:00,16.9699,16.91,17.029799999999998 17.405,4.131886477462517
NCLH,2023-03-29 09:30:00,12.77,12.71,12.829999999999998,-1.0
NCLH,2023-05-04 09:30:00,14.73,14.615,14.845,-1.0
NCLH,2023-07-27 09:30:00,21.535,21.44,21.63 21.61,0.8947368421052642
ONON,2023-06-02 09:30:00,28.13,27.92,28.339999999999996 28.22,0.7142857142857167
ONON,2023-09-01 09:30:00,29.66,29.5299,29.7901,-1.0
SRPT,2023-05-10 09:30:00,132.985,131.49,134.48000000000002 132.52,0.3444816053511699
SRPT,2023-05-15 09:30:00,150.17,149.22,151.11999999999998,-1.0
S,2023-05-25 09:30:00,20.2,20.11,20.29,-1.0
S,2023-05-30 09:30:00,21.705,21.44,21.969999999999995,-1.0
S,2023-06-12 09:30:00,15.66,15.51,15.81,-1.0
S,2023-06-16 09:30:00,17.1,17.03,17.17,1.0
S,2023-07-12 09:30:00,15.24,15.19,15.290000000000001,-1.0
S,2023-12-06 09:30:00,22.76,22.3,23.220000000000002 23.3208,1.1095652173912998
CTLT,2023-02-06 09:30:00,69.14,68.51,69.77,-1.0
CTLT,2023-05-19 09:30:00,35.07,34.33,35.81,-1.0
CTLT,2023-07-20 09:30:00,48.77,48.16,49.38000000000001,-1.0
IMGN,2023-11-14 09:30:00,15.27,15.18,15.36,1.0
IMGN,2023-11-30 09:30:00,29.05,28.96,29.14,-1.0
ELF,2023-08-29 09:30:00,125.59,124.0,127.18 127.9,1.2264150943396217
ELF,2023-11-02 09:30:00,104.1132,101.0,107.22640000000001,-1.0
ELF,2023-11-14 09:30:00,100.415,100.04,100.79 104.44,5.866666666666656
W,2023-02-02 09:30:00,69.495,68.41,70.58000000000001 69.755,0.6198156682027599
W,2023-05-04 09:30:00,36.2999,34.85,37.7498 37.1108,0.7796399751707004
W,2023-06-02 09:30:00,44.5,43.99,45.01,-1.0
W,2023-06-07 09:30:00,51.96,50.69,53.230000000000004,-1.0
W,2023-07-27 09:30:00,70.9724,70.6601,71.28469999999999,-1.0
W,2023-08-03 09:30:00,81.81,79.5,84.12,-1.0
W,2023-09-22 09:30:00,62.315,62.17,62.459999999999994,-1.0
W,2023-11-14 09:30:00,44.0,44.0,44,-1.0
GNRC,2023-05-03 09:30:00,109.9199,108.4801,111.3597 111.2,0.9445409084595082
GNRC,2023-09-27 09:30:00,109.19,107.7675,110.6125,-1.0
GNRC,2023-11-01 09:30:00,94.81,94.41,95.21000000000001,-1.0
GPS,2023-03-30 09:30:00,9.525,9.48,9.57 9.555,0.8333333333333268
GPS,2023-11-17 09:30:00,16.23,16.14,16.32,-1.0
GPS,2023-12-26 09:30:00,21.755,21.51,21.999999999999996 21.895,0.7857142857142898
FHN,2023-03-20 09:30:00,15.36,15.25,15.469999999999999,-1.0
FHN,2023-05-05 09:30:00,10.45,10.28,10.62 10.51,0.6764705882352957
FHN,2023-06-05 09:30:00,11.085,11.04,11.130000000000003,-1.0
FHN,2023-07-12 09:30:00,12.6,12.53,12.67,1.0
X,2023-03-01 09:30:00,31.289,31.11,31.468000000000004,-1.0
X,2023-03-14 09:30:00,27.65,27.5501,27.749899999999997 27.64,0.44994994994995896
X,2023-03-17 09:30:00,25.05,24.8501,25.2499 25.1123,0.65582791395698
X,2023-03-21 09:30:00,25.51,25.42,25.6 25.68,1.4444444444444358
X,2023-03-27 09:30:00,25.44,25.35,25.53,-1.0
X,2023-04-11 09:30:00,25.83,25.73,25.929999999999996 25.9015,0.8575000000000093
X,2023-05-08 09:30:00,22.18,22.0349,22.3251,-1.0
X,2023-06-02 09:30:00,21.66,21.57,21.75,-1.0
RMBS,2023-05-30 09:30:00,67.7,67.323,68.07700000000001 67.67,0.46021220159151144
CFLT,2023-05-30 09:30:00,29.98,29.85,30.11 29.931,0.3115384615384621
CFLT,2023-07-12 09:30:00,36.71,36.51,36.910000000000004,-1.0
RRC,2023-04-03 09:30:00,27.32,27.16,27.48 27.2,0.12499999999999722
RRC,2023-04-10 09:30:00,26.8,26.7,26.900000000000002 27.46,3.7999999999999536
RRC,2023-05-19 09:30:00,29.91,29.75,30.07 30.04,0.9062499999999966
SWN,2023-04-03 09:30:00,5.18,5.16,5.199999999999999,-1.0
SWN,2023-06-13 09:30:00,5.29,5.28,5.3 5.32,2.0000000000000124
SWN,2023-08-09 09:30:00,6.66,6.63,6.69 6.685,0.9166666666666543
NYCB,2023-03-20 09:30:00,8.65,8.56,8.74,1.0
NYCB,2023-05-05 09:30:00,9.87,9.8171,9.922899999999998 9.87,0.5
NYCB,2023-07-27 09:30:00,13.45,13.27,13.629999999999999,-1.0
ZI,2023-03-14 09:30:00,22.67,22.43,22.910000000000004,-1.0
ZI,2023-06-05 09:30:00,26.6375,26.46,26.814999999999998,-1.0
ZI,2023-06-28 09:30:00,25.21,24.9475,25.4725 25.45,0.9571428571428554
CMA,2023-04-14 09:30:00,44.69,44.555,44.824999999999996,1.0
CMA,2023-05-05 09:30:00,35.675,35.24,36.10999999999999,-1.0
CMA,2023-06-05 09:30:00,41.38,41.1,41.660000000000004,-1.0
CMA,2023-07-21 09:30:00,54.2499,53.15,55.349799999999995,-1.0
VFC,2023-03-20 09:30:00,21.84,21.76,21.919999999999998 21.89,0.8125000000000111
VFC,2023-04-14 09:30:00,23.23,23.08,23.380000000000003,-1.0
WAL,2023-03-14 09:30:00,35.8999,34.7015,37.0983,-1.0
WAL,2023-03-27 09:30:00,35.15,34.6101,35.689899999999994 35.42,0.7500463048712773
WAL,2023-03-30 09:30:00,36.9285,36.64,37.217,-1.0
WAL,2023-04-14 09:30:00,32.74,32.4,33.080000000000005,-1.0
WAL,2023-04-19 09:30:00,38.13,37.741,38.519000000000005,1.0
WAL,2023-05-08 09:30:00,30.0899,29.03,31.1498,-1.0
WAL,2023-05-16 09:30:00,31.9533,31.6,32.306599999999996,-1.0
WAL,2023-05-17 09:30:00,35.24,34.62,35.86000000000001 35.4,0.6290322580645125
WAL,2023-06-02 09:30:00,35.86,35.4,36.32 36.13,0.7934782608695681
WAL,2023-07-20 09:30:00,48.0,47.1,48.9 48.335,0.6861111111111119
WAL,2023-07-26 09:30:00,51.94,51.3,52.58,-1.0
HAS,2023-02-16 09:30:00,59.42,59.11,59.730000000000004 60.2859,1.8966129032257903
AR,2023-05-08 09:30:00,21.44,21.4,21.480000000000004,-1.0
AR,2023-06-05 09:30:00,21.8008,21.74,21.8616,-1.0
AR,2023-08-09 09:30:00,28.81,28.55,29.069999999999997 29.03,0.9230769230769309
AR,2023-08-17 09:30:00,27.7355,27.625,27.845999999999997 28.02,1.7873303167421075
APLS,2023-08-23 09:30:00,40.8,39.25,42.349999999999994 41.375,0.6854838709677432
APLS,2023-09-15 09:30:00,45.15,44.52,45.779999999999994 45.54,0.8095238095238122
APLS,2023-09-19 09:30:00,50.81,50.19,51.43000000000001,-1.0
ZION,2023-04-14 09:30:00,30.96,30.81,31.110000000000003,-1.0
ZION,2023-05-05 09:30:00,22.44,22.2315,22.648500000000002 22.71,1.1474820143884856
ZION,2023-05-08 09:30:00,25.62,25.18,26.060000000000002 25.65,0.5340909090909063
ZION,2023-05-23 09:30:00,28.7973,28.62,28.9746 29.035,1.1703327693175458
ZION,2023-06-02 09:30:00,28.41,28.17,28.65 28.54,0.770833333333333
ZION,2023-07-14 09:30:00,32.24,32.12,32.36000000000001,-1.0
ZION,2023-07-20 09:30:00,37.27,36.22,38.32000000000001 37.65,0.6809523809523781
PLNT,2023-11-07 09:30:00,63.52,62.5,64.54,-1.0
LYFT,2023-03-14 09:30:00,9.108,9.03,9.186000000000002 9.1828,0.9794871794871707
LYFT,2023-12-14 09:30:00,14.9199,14.86,14.979800000000001 14.94,0.6677796327211944
AA,2023-02-06 09:30:00,53.75,53.34,54.16,-1.0
AA,2023-03-01 09:30:00,50.86,50.53,51.19 52.37,2.7878787878787965
AA,2023-05-05 09:30:00,35.0,34.87,35.13 35.03,0.6153846153846175
AA,2023-05-08 09:30:00,37.4285,37.15,37.707,-1.0
AA,2023-06-02 09:30:00,34.26,34.08,34.44,-1.0
AA,2023-06-14 09:30:00,37.22,37.1095,37.3305,-1.0
AA,2023-07-12 09:30:00,35.73,35.55,35.91,-1.0
AA,2023-07-25 09:30:00,34.529,34.26,34.79800000000001 35.04,1.4498141263940247
AA,2023-09-11 09:30:00,28.81,28.61,29.009999999999998,-1.0
AA,2023-11-14 09:30:00,25.58,25.36,25.799999999999997 25.87,1.1590909090909185
IMVT,2023-09-27 09:30:00,41.99,41.34,42.64 42.54,0.9230769230769218
OPCH,2023-06-05 09:30:00,29.6386,29.45,29.8272,-1.0
OPCH,2023-06-26 09:30:00,31.32,31.15,31.490000000000002,-1.0
CROX,2023-09-29 09:30:00,89.5212,89.105,89.93739999999998,1.0
CROX,2023-10-20 09:30:00,86.185,85.65,86.72 86.77,1.0467289719626145
CROX,2023-11-28 09:30:00,98.89,98.17,99.61 98.59,0.2916666666666683
MARA,2023-02-02 09:30:00,7.98,7.84,8.120000000000001,1.0
MARA,2023-03-13 09:30:00,5.58,5.48,5.68,-1.0
MARA,2023-03-14 09:30:00,7.42,7.31,7.53 7.55,1.0909090909090886
MARA,2023-03-17 09:30:00,8.2,8.08,8.319999999999999,-1.0
MARA,2023-03-29 09:30:00,7.54,7.49,7.59 7.93,4.400000000000011
MARA,2023-04-14 09:30:00,12.12,11.94,12.299999999999999,-1.0
MARA,2023-04-26 09:30:00,9.8499,9.7,9.9998,-1.0
MARA,2023-05-15 09:30:00,9.03,8.9,9.159999999999998 9.1712,1.0430769230769323
MARA,2023-06-30 09:30:00,13.5891,13.36,13.818200000000001,-1.0
MARA,2023-07-12 09:30:00,17.749,17.42,18.077999999999996,-1.0
MARA,2023-07-27 09:30:00,17.16,17.06,17.26 17.13,0.3499999999999964
MARA,2023-09-18 09:30:00,10.16,10.07,10.25,-1.0
MARA,2023-10-16 09:30:00,8.51,8.38,8.639999999999999,-1.0
MARA,2023-10-24 09:30:00,9.77,9.56,9.979999999999999 10.1124,1.3152380952380978
MARA,2023-11-01 09:30:00,8.8876,8.82,8.955200000000001,-1.0
MARA,2023-11-09 09:30:00,9.73,9.5501,9.9099 10.2609,1.9755419677598642
MARA,2023-12-04 09:30:00,15.18,15.02,15.34,-1.0
MARA,2023-12-19 09:30:00,20.6,20.33,20.870000000000005 20.9672,1.1799999999999864
MARA,2023-12-20 09:30:00,23.9899,23.29,24.689799999999998,-1.0
MARA,2023-12-22 09:30:00,25.02,24.66,25.38 24.9849,0.45125000000000004
CPRI,2023-08-10 09:30:00,54.26,54.11,54.41,-1.0
WOLF,2023-02-02 09:30:00,85.16,84.76,85.55999999999999,1.0
WOLF,2023-06-13 09:30:00,56.64,56.29,56.99,-1.0
WOLF,2023-06-26 09:30:00,52.0,51.6,52.4,-1.0
WOLF,2023-07-05 09:30:00,64.35,63.72,64.97999999999999,-1.0
WOLF,2023-10-31 09:30:00,32.87,32.21,33.529999999999994 32.94,0.5530303030303035
WOLF,2023-11-02 09:30:00,34.75,34.48,35.02 34.75,0.5
WOLF,2023-11-03 09:30:00,35.1196,35.05,35.1892,-1.0
WOLF,2023-11-14 09:30:00,33.98,33.81,34.14999999999999 33.89,0.23529411764706126
PBF,2023-02-16 09:30:00,45.12,44.54,45.699999999999996 46.05,1.3017241379310365
PBF,2023-04-03 09:30:00,44.02,43.83,44.21000000000001,-1.0
M,2023-03-30 09:30:00,17.74,17.69,17.789999999999996,-1.0
M,2023-05-24 09:30:00,15.74,15.63,15.85 15.74,0.5
M,2023-11-16 09:30:00,13.66,13.51,13.81,1.0
M,2023-12-11 09:30:00,19.99,19.59,20.389999999999997 20.38,0.9875000000000025
SEDG,2023-05-04 09:30:00,298.77,294.34,303.2,-1.0
GME,2023-06-13 09:30:00,25.68,25.53,25.83,1.0
RIG,2023-02-01 09:30:00,6.94,6.83,7.050000000000001 7.1601,1.5004545454545404
RIG,2023-03-27 09:30:00,5.8499,5.82,5.8797999999999995,-1.0
RIG,2023-03-29 09:30:00,6.78,6.73,6.83 6.77,0.3999999999999929
RIG,2023-07-05 09:30:00,7.23,7.1955,7.264500000000001 7.2516,0.8130434782608571
RIG,2023-09-27 09:30:00,8.575,8.55,8.599999999999998 8.57,0.40000000000001423
RIG,2023-10-09 09:30:00,7.88,7.845,7.915 7.92,1.0714285714285696
CRSP,2023-11-14 09:30:00,54.19,53.8089,54.571099999999994 54.41,0.7886381527158238
CRSP,2023-11-16 09:30:00,57.9577,57.3,58.61540000000001,-1.0
CRSP,2023-11-17 09:30:00,61.485,60.8,62.17 64.27,2.532846715328458
CRSP,2023-12-14 09:30:00,63.13,62.24,64.02000000000001,-1.0
KBH,2023-07-14 09:30:00,54.17,53.85,54.49 54.24,0.6093750000000003
RUN,2023-02-23 09:30:00,24.74,24.43,25.049999999999997,-1.0
RUN,2023-04-18 09:30:00,20.58,20.32,20.839999999999996 20.72,0.7692307692307724
RUN,2023-05-10 09:30:00,16.9899,16.84,17.139799999999997 17.1901,1.1677785190126884
RUN,2023-05-30 09:30:00,17.32,17.18,17.46 17.52,1.2142857142857089
RUN,2023-07-12 09:30:00,19.3599,19.22,19.4998,-1.0
RUN,2023-08-28 09:30:00,14.35,14.24,14.459999999999999,-1.0
RUN,2023-08-30 09:30:00,15.4,15.3,15.5,1.0
RUN,2023-11-03 09:30:00,11.06,10.95,11.170000000000002 11.31,1.6363636363636238
RUN,2023-11-14 09:30:00,10.17,10.05,10.29 10.31,1.0833333333333395
PENN,2023-08-09 09:30:00,28.3928,27.87,28.9156,-1.0
PENN,2023-08-25 09:30:00,23.57,23.48,23.66,-1.0
UPST,2023-02-15 09:30:00,19.238,18.2,20.276 20.55,1.1319845857418116
UPST,2023-03-14 09:30:00,15.9156,15.81,16.0212 15.775,-0.16571969696969913
UPST,2023-05-25 09:30:00,27.04,26.83,27.25,-1.0
UPST,2023-05-30 09:30:00,25.417,25.1,25.734 26.11,1.5930599369085134
UPST,2023-06-07 09:30:00,31.52,31.04,32.0,1.0
UPST,2023-07-12 09:30:00,44.32,43.7,44.94,-1.0
UPST,2023-07-27 09:30:00,66.13,65.1,67.16 66.04,0.4563106796116558
UPST,2023-07-31 09:30:00,66.89,65.78,68.0 67.34,0.7027027027027041
UPST,2023-08-22 09:30:00,34.19,33.8,34.58,-1.0
UPST,2023-11-02 09:30:00,26.0492,25.76,26.338399999999996 26.07,0.5359612724757978
UPST,2023-11-06 09:30:00,30.85,30.65,31.050000000000004 30.8139,0.40974999999999845
UPST,2023-11-14 09:30:00,23.2299,22.82,23.6398 23.915,1.335691632105389
UPST,2023-12-11 09:30:00,36.28,35.82,36.74 36.4766,0.7136956521739088
SPR,2023-11-01 09:30:00,23.5277,23.16,23.8954 23.41,0.33995104704922563
SPR,2023-11-09 09:30:00,24.01,23.831,24.189000000000004 24.67,2.3435754189943925
SPR,2023-11-13 09:30:00,24.84,24.65,25.03,-1.0
SPR,2023-11-30 09:31:00,27.06,26.94,27.179999999999996 27.38,1.833333333333363
RIOT,2023-02-02 09:30:00,7.19,7.11,7.2700000000000005 7.27,0.9999999999999944
RIOT,2023-03-17 09:30:00,7.3999,7.34,7.4597999999999995 7.41,0.5843071786310556
RIOT,2023-03-20 09:30:00,8.47,8.34,8.600000000000001,-1.0
RIOT,2023-04-26 09:30:00,11.7,11.58,11.819999999999999,-1.0
RIOT,2023-05-15 09:30:00,10.8,10.69,10.910000000000002 11.0707,1.7304545454545306
RIOT,2023-06-02 09:30:00,12.51,12.45,12.57,-1.0
RIOT,2023-06-13 09:30:00,10.555,10.5,10.61,1.0
RIOT,2023-07-12 09:30:00,17.98,17.76,18.2 17.8898,0.2950000000000003
RIOT,2023-07-27 09:30:00,18.8999,18.8,18.999799999999997 18.8,0.0
RIOT,2023-09-18 09:30:00,11.31,11.22,11.4 11.36,0.7777777777777724
RIOT,2023-10-16 09:30:00,10.0399,9.87,10.2098,-1.0
RIOT,2023-10-24 09:30:00,10.62,10.5119,10.728099999999998 10.9801,2.1655874190564566
RIOT,2023-11-01 09:30:00,9.93,9.8695,9.990499999999999,1.0
RIOT,2023-11-06 09:30:00,11.71,11.61,11.810000000000002,-1.0
RIOT,2023-12-04 09:30:00,15.09,14.89,15.29 15.1607,0.6767500000000017
RIOT,2023-12-19 09:30:00,16.8799,16.7101,17.049699999999998 17.1,1.1481154299175618
AAP,2023-09-15 09:30:00,60.48,60.3,60.66,1.0
TDOC,2023-03-14 09:30:00,25.19,24.98,25.400000000000002,-1.0
TDOC,2023-04-27 09:30:00,27.38,27.11,27.65,-1.0
TDOC,2023-07-18 09:30:00,27.22,26.94,27.499999999999996,-1.0
TDOC,2023-07-26 09:30:00,24.79,24.32,25.259999999999998 26.84,2.680851063829793
AI,2023-02-02 09:30:00,22.38,22.1,22.659999999999997 22.5699,0.8391071428571485
AI,2023-02-23 09:30:00,23.34,23.05,23.63 23.29,0.41379310344827436
AI,2023-03-03 09:30:00,24.88,24.03,25.729999999999997 25.72,0.9941176470588247
AI,2023-05-15 09:30:00,20.47,20.2,20.74 20.8414,1.1877777777777814
AI,2023-05-23 09:30:00,27.925,27.6316,28.218400000000003,-1.0
AI,2023-05-25 09:30:00,29.554,29.23,29.877999999999997,1.0
AI,2023-05-30 09:30:00,36.85,36.18,37.52,1.0
AI,2023-06-07 09:30:00,38.66,38.18,39.13999999999999,1.0
AI,2023-06-13 09:30:00,38.16,37.71,38.60999999999999 38.02,0.3444444444444502
AI,2023-08-24 09:30:00,32.56,32.3008,32.8192,-1.0
AI,2023-10-27 09:30:00,25.735,25.56,25.91,-1.0
AI,2023-11-14 09:30:00,29.11,28.79,29.43 29.6459,1.3373437500000018
BTU,2023-02-14 09:30:00,26.9494,26.44,27.4588,-1.0
KSS,2023-04-04 09:30:00,24.16,24.03,24.29,-1.0
KSS,2023-06-15 09:30:00,24.095,24.002,24.188 24.06,0.3118279569892465
JWN,2023-02-03 09:30:00,26.1396,25.6,26.6792 26.405,0.7459229058561894
JWN,2023-03-03 09:30:00,19.735,19.51,19.959999999999997 19.66,0.33333333333333337
JWN,2023-03-08 09:30:00,19.7,19.64,19.759999999999998,-1.0
FL,2023-06-02 09:30:00,25.54,25.335,25.744999999999997,-1.0
NEP,2023-10-24 09:30:00,23.2,22.67,23.729999999999997 23.88,1.1415094339622667
IONQ,2023-07-27 09:30:00,16.54,16.41,16.669999999999998,-1.0
IONQ,2023-08-09 09:30:00,15.48,15.35,15.610000000000001,-1.0
IONQ,2023-08-21 09:30:00,13.53,13.355,13.704999999999998 14.025,1.9142857142857257
IONQ,2023-08-22 09:30:00,14.85,14.71,14.989999999999998 14.79,0.2857142857142821
IONQ,2023-11-02 09:30:00,10.8789,10.75,11.0078 11.03,1.0861132660977495
IONQ,2023-11-14 09:30:00,11.85,11.7233,11.9767 12.055,1.308997632202055
ARRY,2023-05-30 09:30:00,23.54,23.25,23.83 23.705,0.7844827586206891
TGTX,2023-05-10 09:30:00,34.47,34.11,34.83,-1.0
ENVX,2023-07-18 09:30:00,21.81,21.56,22.06,-1.0
ENVX,2023-07-27 09:30:00,21.93,21.4,22.46,-1.0
