,symbol,date,stop,targets,trades
0,GOOG,2023-02-02,106.54,"[107.55999999999999, 108.06999999999998]","[(1675348440000, 107.05, 1), (1675349280000, 107.55999999999999, -0.5), (1675349400000, 107.15, -0.5)]"
1,GOOG,2023-05-25,124.77,"[125.45, 125.79]","[(1685021700000, 125.11, 1), (1685021820000, 124.77, -1)]"
2,GOOGL,2023-02-02,105.61,"[106.7144, 107.2666]","[(1675348440000, 106.1622, 1), (1675349280000, 106.7144, -0.5), (1675349400000, 106.205, -0.5)]"
3,GOOGL,2023-05-11,114.41,"[115.65, 116.27000000000001]","[(1683812100000, 115.03, 1), (1683812220000, 115.65, -0.5), (1683812880000, 116.55, -0.5)]"
4,GOOGL,2023-05-25,123.99,"[124.67, 125.01]","[(1685021700000, 124.33, 1), (1685021820000, 123.99, -1)]"
5,NVDA,2023-02-23,231.1,"[235.6, 237.85]","[(1677162780000, 233.35, 1), (1677162900000, 231.1, -1)]"
6,NVDA,2023-05-25,375.27,"[389.23, 396.21000000000004]","[(1685021520000, 382.25, 1), (1685021580000, 375.27, -1)]"
7,NVDA,2023-05-30,402.67,"[407.52979999999997, 409.95969999999994]","[(1685453580000, 405.0999, 1), (1685453820000, 407.52979999999997, -0.5), (1685454780000, 413.25, -0.5)]"
8,NVDA,2023-06-30,415.01,"[417.97, 419.45000000000005]","[(1688132040000, 416.49, 1), (1688132400000, 417.97, -0.5), (1688133240000, 420.1601, -0.5)]"
9,META,2023-02-02,180.16,"[181.78, 182.59]","[(1675348560000, 180.97, 1), (1675348680000, 181.78, -0.5), (1675349220000, 182.59, -0.5)]"
10,META,2023-03-03,177.05,"[178.72999999999996, 179.56999999999994]","[(1677854040000, 177.89, 1), (1677854520000, 178.72999999999996, -0.5), (1677855180000, 179.5699, -0.5)]"
11,META,2023-03-21,201.44,"[202.4198, 202.90970000000002]","[(1679405640000, 201.9299, 1), (1679405700000, 202.4198, -0.5), (1679405820000, 201.44, -0.5)]"
12,META,2023-04-26,208.88,"[209.9798, 210.52970000000002]","[(1682516100000, 209.4299, 1), (1682516160000, 209.9798, -0.5), (1682516220000, 210.52970000000002, -0.5)]"
13,META,2023-04-27,236.77,"[239.53, 240.91]","[(1682602380000, 238.15, 1), (1682602680000, 239.53, -0.5), (1682602920000, 238.44, -0.5)]"
14,TSLA,2023-02-02,185.0955,"[188.2845, 189.87900000000002]","[(1675348380000, 186.69, 1), (1675348560000, 188.2845, -0.5), (1675349280000, 189.21, -0.5)]"
15,TSLA,2023-02-09,205.5301,"[208.35629999999998, 209.76939999999996]","[(1675953180000, 206.9432, 1), (1675953540000, 208.35629999999998, -0.5), (1675953660000, 205.91, -0.5)]"
16,TSLA,2023-03-03,193.38,"[194.6984, 195.3576]","[(1677853980000, 194.0392, 1), (1677854040000, 193.38, -1)]"
17,TSLA,2023-04-12,189.4,"[190.6, 191.2]","[(1681306560000, 190, 1), (1681306740000, 189.4, -1)]"
18,TSLA,2023-05-08,171.27,"[172.92999999999998, 173.75999999999996]","[(1683552780000, 172.1, 1), (1683552840000, 171.27, -1)]"
19,TSLA,2023-05-12,174.6,"[176.42, 177.32999999999998]","[(1683898320000, 175.51, 1), (1683898380000, 176.42, -0.5), (1683898440000, 175.6036, -0.5)]"
20,TSLA,2023-05-30,198.5879,"[200.25209999999998, 201.08419999999998]","[(1685453580000, 199.42, 1), (1685453640000, 200.25209999999998, -0.5), (1685454180000, 202.25, -0.5)]"
21,TSLA,2023-06-07,226.81,"[228.51, 229.35999999999999]","[(1686145020000, 227.66, 1), (1686145080000, 226.81, -1)]"
22,TSLA,2023-06-09,246.58,"[248.28, 249.13]","[(1686317520000, 247.43, 1), (1686317580000, 248.28, -0.5), (1686317640000, 246.31, -0.5)]"
23,JPM,2023-03-14,132.59,"[133.67, 134.20999999999998]","[(1678800960000, 133.13, 1), (1678801020000, 132.59, -1)]"
24,JPM,2023-03-21,130.19,"[131.32999999999998, 131.89999999999998]","[(1679405580000, 130.76, 1), (1679407200000, 131.32999999999998, -0.5), (1679407500000, 130.835, -0.5)]"
25,ORCL,2023-06-13,122.62,"[123.46000000000001, 123.88000000000001]","[(1686663240000, 123.04, 1), (1686663300000, 122.62, -1)]"
26,ADBE,2023-05-30,424.75,"[428.16999999999996, 429.87999999999994]","[(1685453580000, 426.46, 1), (1685453640000, 428.16999999999996, -0.5), (1685453700000, 426.0501, -0.5)]"
27,ADBE,2023-06-09,453.6,"[457.81999999999994, 459.9299999999999]","[(1686317640000, 455.71, 1), (1686317820000, 457.81999999999994, -0.5), (1686318720000, 464.01, -0.5)]"
28,ADBE,2023-06-16,509.51,"[518.3700000000001, 522.8000000000002]","[(1686922380000, 513.94, 1), (1686922620000, 509.51, -1)]"
29,BAC,2023-03-14,29.6,"[30.019999999999996, 30.229999999999993]","[(1678800780000, 29.81, 1), (1678800840000, 29.6, -1)]"
30,BAC,2023-03-21,28.565,"[28.734999999999996, 28.819999999999993]","[(1679405520000, 28.65, 1), (1679405580000, 28.734999999999996, -0.5), (1679405700000, 28.555, -0.5)]"
31,CRM,2023-02-02,175.13,"[175.86, 176.22500000000002]","[(1675348680000, 175.495, 1), (1675348740000, 175.13, -1)]"
32,CRM,2023-02-09,172.04,"[172.96, 173.42000000000002]","[(1675953180000, 172.5, 1), (1675953240000, 172.96, -0.5), (1675953480000, 173.42000000000002, -0.5)]"
33,CRM,2023-03-02,190.66,"[192.70000000000002, 193.72000000000003]","[(1677767640000, 191.68, 1), (1677767700000, 190.66, -1)]"
34,AMD,2023-02-01,77.88,"[78.50999999999999, 78.82499999999999]","[(1675262100000, 78.195, 1), (1675262160000, 78.50999999999999, -0.5), (1675262940000, 79.8, -0.5)]"
35,AMD,2023-05-30,128.31,"[129.99, 130.83]","[(1685453640000, 129.15, 1), (1685453700000, 128.31, -1)]"
36,AMD,2023-06-12,127.71,"[129.33000000000004, 130.14000000000004]","[(1686576720000, 128.52, 1), (1686576780000, 129.33000000000004, -0.5), (1686576900000, 128.47, -0.5)]"
37,AMD,2023-06-13,131.26,"[132.69979999999998, 133.41969999999998]","[(1686663300000, 131.9799, 1), (1686663360000, 131.26, -1)]"
38,NFLX,2023-06-09,416.5,"[422.5, 425.5]","[(1686317700000, 419.5, 1), (1686318600000, 416.5, -1)]"
39,TMO,2023-02-01,576.33,"[581.85, 584.61]","[(1675262340000, 579.09, 1), (1675262400000, 581.85, -0.5), (1675263360000, 593.2, -0.5)]"
40,INTC,2023-04-28,31.55,"[32.04859999999999, 32.2979]","[(1682688780000, 31.7993, 1), (1682688840000, 32.04859999999999, -0.5), (1682688960000, 31.84, -0.5)]"
41,INTC,2023-05-03,30.26,"[30.5986, 30.7679]","[(1683120900000, 30.4293, 1), (1683120960000, 30.5986, -0.5), (1683121200000, 30.4925, -0.5)]"
42,INTC,2023-06-13,33.45,"[33.730000000000004, 33.870000000000005]","[(1686663240000, 33.59, 1), (1686663360000, 33.45, -1)]"
43,WFC,2023-03-14,40.78,"[41.3, 41.559999999999995]","[(1678800780000, 41.04, 1), (1678800840000, 40.78, -1)]"
44,WFC,2023-03-21,38.43,"[38.79, 38.97]","[(1679405520000, 38.61, 1), (1679405580000, 38.79, -0.5), (1679405640000, 38.5, -0.5)]"
45,DIS,2023-02-09,115.8,"[117.02, 117.63]","[(1675953240000, 116.41, 1), (1675953960000, 117.02, -0.5), (1675954320000, 116.59, -0.5)]"
46,BX,2023-03-14,86.09,"[87.41999999999999, 88.08499999999998]","[(1678801020000, 86.755, 1), (1678801860000, 86.09, -1)]"
47,BX,2023-03-27,85.36,"[85.86, 86.11]","[(1679923980000, 85.61, 1), (1679924040000, 85.36, -1)]"
48,BA,2023-03-14,206.1,"[206.958, 207.387]","[(1678800960000, 206.529, 1), (1678801020000, 206.958, -0.5), (1678801380000, 207.01, -0.5)]"
49,BA,2023-04-26,207.6101,"[208.4497, 208.86950000000002]","[(1682516700000, 208.0299, 1), (1682516760000, 208.4497, -0.5), (1682516820000, 208.05, -0.5)]"
50,MS,2023-03-14,90.8,"[91.39999999999999, 91.69999999999999]","[(1678800960000, 91.1, 1), (1678801200000, 90.8, -1)]"
51,MS,2023-03-21,88.08,"[89.00000000000001, 89.46000000000002]","[(1679405820000, 88.54, 1), (1679408160000, 88.08, -1)]"
52,MS,2023-03-27,85.71,"[86.41000000000001, 86.76000000000002]","[(1679923980000, 86.06, 1), (1679924100000, 85.71, -1)]"
53,UNP,2023-02-27,210.81,"[212.56439999999998, 213.44159999999997]","[(1677508560000, 211.6872, 1), (1677508620000, 212.56439999999998, -0.5), (1677508920000, 210.81, -0.5)]"
54,CAT,2023-05-19,218.415,"[219.68480000000002, 220.31970000000004]","[(1684503240000, 219.0499, 1), (1684503360000, 218.415, -1)]"
55,NOW,2023-02-02,479.46,"[483.82380000000006, 486.0057000000001]","[(1675348500000, 481.6419, 1), (1675348800000, 483.82380000000006, -0.5), (1675349040000, 481.81, -0.5)]"
56,COP,2023-05-05,100.05,"[100.69000000000001, 101.01000000000002]","[(1683293580000, 100.37, 1), (1683294000000, 100.69000000000001, -0.5), (1683294240000, 100.55, -0.5)]"
57,GE,2023-03-14,90.62,"[90.91999999999999, 91.06999999999998]","[(1678800900000, 90.77, 1), (1678800960000, 90.91999999999999, -0.5), (1678801320000, 90.84, -0.5)]"
58,AXP,2023-03-21,162.17,"[162.47, 162.62]","[(1679405880000, 162.32, 1), (1679405940000, 162.47, -0.5), (1679406000000, 162.17, -0.5)]"
59,AMAT,2023-02-28,114.85,"[116.57, 117.42999999999999]","[(1677594840000, 115.71, 1), (1677595140000, 116.57, -0.5), (1677595680000, 116.87, -0.5)]"
60,AMAT,2023-03-14,118.01,"[118.83, 119.24]","[(1678800780000, 118.42, 1), (1678800840000, 118.01, -1)]"
61,AMAT,2023-05-25,126.5,"[127.58000000000001, 128.12]","[(1685021520000, 127.04, 1), (1685021580000, 127.58000000000001, -0.5), (1685021880000, 126.72, -0.5)]"
62,UBER,2023-02-08,36.8,"[37.519999999999996, 37.879999999999995]","[(1675866780000, 37.16, 1), (1675866840000, 36.8, -1)]"
63,UBER,2023-04-17,31.78,"[31.979999999999997, 32.08]","[(1681738560000, 31.88, 1), (1681738620000, 31.979999999999997, -0.5), (1681739040000, 31.78, -0.5)]"
64,UBER,2023-05-02,34.23,"[35.649800000000006, 36.35970000000001]","[(1683034320000, 34.9399, 1), (1683042240000, 35.649800000000006, -0.5), (1683042720000, 35.63, -0.5)]"
65,SCHW,2023-03-14,55.37,"[58.43, 59.96]","[(1678801260000, 56.9, 1), (1678803000000, 55.37, -1)]"
66,SCHW,2023-03-20,57.8283,"[58.511700000000005, 58.85340000000001]","[(1679319360000, 58.17, 1), (1679319420000, 58.511700000000005, -0.5), (1679320080000, 58.82, -0.5)]"
67,SCHW,2023-03-27,54.44,"[55.06, 55.370000000000005]","[(1679924100000, 54.75, 1), (1679924160000, 54.44, -1)]"
68,SCHW,2023-05-15,50.39,"[50.67, 50.81]","[(1684157700000, 50.53, 1), (1684157820000, 50.39, -1)]"
69,GS,2023-03-21,316.33,"[317.9214, 318.7171]","[(1679405580000, 317.1257, 1), (1679405640000, 316.33, -1)]"
70,DE,2023-02-17,417.45,"[420.55, 422.1]","[(1676644320000, 419, 1), (1676644380000, 417.45, -1)]"
71,DE,2023-06-02,357.8,"[360.73999999999995, 362.2099999999999]","[(1685712900000, 359.27, 1), (1685713140000, 357.8, -1)]"
72,LRCX,2023-04-20,508.11,"[517.43, 522.0899999999999]","[(1681997880000, 512.77, 1), (1681998180000, 517.43, -0.5), (1681998600000, 518.46, -0.5)]"
73,UBS,2023-03-21,20.06,"[20.2, 20.27]","[(1679405520000, 20.13, 1), (1679405640000, 20.06, -1)]"
74,UBS,2023-04-11,21.06,"[21.13, 21.165]","[(1681219980000, 21.095, 1), (1681220040000, 21.13, -0.5), (1681220460000, 21.06, -0.5)]"
75,SHOP,2023-04-27,46.97,"[47.17, 47.27]","[(1682602440000, 47.07, 1), (1682602500000, 47.17, -0.5), (1682602560000, 46.97, -0.5)]"
76,SHOP,2023-05-30,60.03,"[60.650000000000006, 60.96000000000001]","[(1685453580000, 60.34, 1), (1685453640000, 60.650000000000006, -0.5), (1685453820000, 60.43, -0.5)]"
77,SHOP,2023-06-06,60.72,"[61.480000000000004, 61.86000000000001]","[(1686058620000, 61.1, 1), (1686058740000, 61.480000000000004, -0.5), (1686059100000, 61.4, -0.5)]"
78,ADI,2023-02-15,191.41,"[193.51000000000002, 194.56000000000003]","[(1676471700000, 192.46, 1), (1676471820000, 193.51000000000002, -0.5), (1676472240000, 191.41, -0.5)]"
79,C,2023-03-27,43.88,"[44.12, 44.239999999999995]","[(1679923920000, 44, 1), (1679923980000, 44.12, -0.5), (1679924040000, 43.98, -0.5)]"
80,C,2023-05-05,45.67,"[45.949799999999996, 46.08969999999999]","[(1683293640000, 45.8099, 1), (1683293760000, 45.949799999999996, -0.5), (1683294480000, 46.13, -0.5)]"
81,MU,2023-05-15,61.8,"[62.2, 62.400000000000006]","[(1684157520000, 62, 1), (1684157760000, 62.2, -0.5), (1684157820000, 62.05, -0.5)]"
82,MU,2023-05-25,68.86,"[69.58, 69.94]","[(1685021580000, 69.22, 1), (1685021700000, 69.58, -0.5), (1685021760000, 69.281, -0.5)]"
83,PANW,2023-06-05,225.28,"[227.28, 228.28]","[(1685971980000, 226.28, 1), (1685972040000, 227.28, -0.5), (1685972160000, 226.36, -0.5)]"
84,ABNB,2023-03-14,117.66,"[118.2798, 118.5897]","[(1678801020000, 117.9699, 1), (1678801080000, 117.66, -1)]"
85,ABNB,2023-05-05,119.02,"[119.61999999999999, 119.91999999999999]","[(1683293520000, 119.32, 1), (1683293580000, 119.61999999999999, -0.5), (1683293640000, 119.2207, -0.5)]"
86,ZTS,2023-02-14,168.94,"[173.21980000000002, 175.35970000000003]","[(1676385360000, 171.0799, 1), (1676385420000, 173.21980000000002, -0.5), (1676385480000, 171.14, -0.5)]"
87,SLB,2023-03-27,45.5,"[45.720600000000005, 45.83090000000001]","[(1679924040000, 45.6103, 1), (1679924100000, 45.5, -1)]"
88,SLB,2023-04-03,52.27,"[53.10999999999999, 53.52999999999999]","[(1680528780000, 52.69, 1), (1680528840000, 53.10999999999999, -0.5), (1680529140000, 52.88, -0.5)]"
89,SLB,2023-05-05,46.21,"[46.60999999999999, 46.80999999999999]","[(1683293640000, 46.41, 1), (1683294120000, 46.60999999999999, -0.5), (1683294420000, 46.48, -0.5)]"
90,ANET,2023-05-25,152.17,"[155.73, 157.51]","[(1685021580000, 153.95, 1), (1685022240000, 152.17, -1)]"
91,CP,2023-03-15,76.8,"[78.89999999999999, 79.94999999999999]","[(1678887120000, 77.85, 1), (1678890180000, 76.8, -1)]"
92,WDAY,2023-05-26,211.77,"[217.23, 219.95999999999998]","[(1685108040000, 214.5, 1), (1685108280000, 211.77, -1)]"
93,USB,2023-03-14,38.2783,"[38.68169999999999, 38.88339999999999]","[(1678800960000, 38.48, 1), (1678801020000, 38.2783, -1)]"
94,USB,2023-03-21,35.8,"[36.32000000000001, 36.58000000000001]","[(1679405520000, 36.06, 1), (1679405580000, 36.32000000000001, -0.5), (1679405640000, 36.12, -0.5)]"
95,USB,2023-03-27,35.54,"[37.9, 39.08]","[(1679924220000, 36.72, 1), (1679926620000, 35.54, -1)]"
96,USB,2023-04-14,35.72,"[36.019999999999996, 36.169999999999995]","[(1681479300000, 35.87, 1), (1681479540000, 35.72, -1)]"
97,USB,2023-05-05,30.26,"[30.919999999999998, 31.249999999999996]","[(1683293640000, 30.59, 1), (1683293760000, 30.26, -1)]"
98,USB,2023-05-08,31.15,"[31.35, 31.450000000000003]","[(1683553080000, 31.25, 1), (1683553140000, 31.15, -1)]"
99,USB,2023-05-10,30.19,"[30.389999999999997, 30.489999999999995]","[(1683725700000, 30.29, 1), (1683725760000, 30.19, -1)]"
100,LULU,2023-03-29,361.0,"[365.79999999999995, 368.19999999999993]","[(1680096720000, 363.4, 1), (1680096960000, 365.79999999999995, -0.5), (1680097020000, 363.79, -0.5)]"
101,PYPL,2023-02-02,85.92,"[86.60000000000001, 86.94000000000001]","[(1675348380000, 86.26, 1), (1675348500000, 86.60000000000001, -0.5), (1675348560000, 86.05, -0.5)]"
102,PYPL,2023-04-11,74.96,"[75.3198, 75.4997]","[(1681220580000, 75.1399, 1), (1681220700000, 75.3198, -0.5), (1681221180000, 74.96, -0.5)]"
103,SNOW,2023-02-02,172.61,"[175.29679999999996, 176.64019999999994]","[(1675348500000, 173.9534, 1), (1675348560000, 172.61, -1)]"
104,TEAM,2023-04-12,166.4246,"[167.5754, 168.1508]","[(1681306560000, 167, 1), (1681306620000, 166.4246, -1)]"
105,FDX,2023-03-17,222.01,"[225.53000000000003, 227.29000000000005]","[(1679059980000, 223.77, 1), (1679060580000, 222.01, -1)]"
106,CRWD,2023-02-02,115.55,"[117.4698, 118.42970000000001]","[(1675348440000, 116.5099, 1), (1675349160000, 115.55, -1)]"
107,CRWD,2023-02-08,115.105,"[116.795, 117.64]","[(1675866840000, 115.95, 1), (1675866900000, 116.795, -0.5), (1675867020000, 117.64, -0.5)]"
108,CRWD,2023-03-06,127.67,"[129.45, 130.34]","[(1678113360000, 128.56, 1), (1678113420000, 127.67, -1)]"
109,CRWD,2023-03-14,123.19,"[123.89000000000001, 124.24000000000002]","[(1678801020000, 123.54, 1), (1678801080000, 123.89000000000001, -0.5), (1678801200000, 124.24000000000002, -0.5)]"
110,CRWD,2023-04-12,131.71,"[133.1446, 133.8619]","[(1681306380000, 132.4273, 1), (1681306800000, 133.1446, -0.5), (1681307040000, 132.47, -0.5)]"
111,CRWD,2023-05-30,157.5016,"[160.8684, 162.55180000000001]","[(1685453700000, 159.185, 1), (1685454660000, 157.5016, -1)]"
112,FCX,2023-02-09,43.72,"[44.040000000000006, 44.20000000000001]","[(1675953180000, 43.88, 1), (1675953240000, 43.72, -1)]"
113,FCX,2023-03-14,38.67,"[38.89, 39.0]","[(1678800720000, 38.78, 1), (1678800780000, 38.89, -0.5), (1678800840000, 38.65, -0.5)]"
114,FCX,2023-04-11,40.92,"[41.17, 41.295]","[(1681219980000, 41.045, 1), (1681220160000, 40.92, -1)]"
115,FCX,2023-05-01,38.385,"[38.555, 38.64]","[(1682948100000, 38.47, 1), (1682948160000, 38.385, -1)]"
116,FCX,2023-05-08,37.0,"[37.239999999999995, 37.35999999999999]","[(1683552960000, 37.12, 1), (1683553020000, 37, -1)]"
117,FCX,2023-05-17,35.97,"[36.150000000000006, 36.24000000000001]","[(1684330680000, 36.06, 1), (1684330740000, 35.97, -1)]"
118,FCX,2023-05-26,34.675,"[34.88300000000001, 34.987000000000016]","[(1685108160000, 34.779, 1), (1685108220000, 34.88300000000001, -0.5), (1685108340000, 34.83, -0.5)]"
119,FCX,2023-06-02,36.72,"[37.06, 37.230000000000004]","[(1685712900000, 36.89, 1), (1685712960000, 37.06, -0.5), (1685713620000, 36.72, -0.5)]"
120,FCX,2023-06-13,39.17,"[39.41, 39.529999999999994]","[(1686663120000, 39.29, 1), (1686663180000, 39.41, -0.5), (1686663720000, 39.505, -0.5)]"
121,PNC,2023-03-14,135.32,"[138.72000000000003, 140.42000000000004]","[(1678800840000, 137.02, 1), (1678800900000, 135.32, -1)]"
122,PNC,2023-03-21,131.32,"[132.56, 133.18]","[(1679405580000, 131.94, 1), (1679405640000, 131.32, -1)]"
123,PNC,2023-03-27,127.61,"[128.49, 128.93000000000004]","[(1679924220000, 128.05, 1), (1679924340000, 127.61, -1)]"
124,NXPI,2023-05-02,172.7,"[175.13980000000004, 176.35970000000006]","[(1683034440000, 173.9199, 1), (1683034500000, 175.13980000000004, -0.5), (1683034560000, 172.7, -0.5)]"
125,PSX,2023-04-03,103.17,"[103.92999999999999, 104.30999999999999]","[(1680528840000, 103.55, 1), (1680528900000, 103.92999999999999, -0.5), (1680528960000, 104.30999999999999, -0.5)]"
126,MMM,2023-03-01,109.74,"[110.53520000000002, 110.93280000000003]","[(1677681420000, 110.1376, 1), (1677681600000, 110.53520000000002, -0.5), (1677681660000, 110.26, -0.5)]"
127,MMM,2023-06-23,101.61,"[103.11, 103.86]","[(1687527180000, 102.36, 1), (1687527420000, 103.11, -0.5), (1687527480000, 102.43, -0.5)]"
128,PXD,2023-02-23,207.0001,"[209.3199, 210.47979999999998]","[(1677162840000, 208.16, 1), (1677162900000, 209.3199, -0.5), (1677163680000, 207.0001, -0.5)]"
129,PXD,2023-04-10,222.39,"[225.05, 226.38000000000002]","[(1681133580000, 223.72, 1), (1681133700000, 222.39, -1)]"
130,PXD,2023-05-05,211.7199,"[212.7801, 213.3102]","[(1683293640000, 212.25, 1), (1683293880000, 212.7801, -0.5), (1683293940000, 212.12, -0.5)]"
131,MRVL,2023-02-23,44.61,"[45.05, 45.269999999999996]","[(1677162780000, 44.83, 1), (1677162840000, 45.05, -0.5), (1677162900000, 44.53, -0.5)]"
132,MRVL,2023-02-27,44.48,"[44.64000000000001, 44.72000000000001]","[(1677508500000, 44.56, 1), (1677508560000, 44.48, -1)]"
133,MRVL,2023-05-25,48.26,"[49.11000000000001, 49.53500000000001]","[(1685021520000, 48.685, 1), (1685021820000, 48.26, -1)]"
134,MRVL,2023-05-30,65.5471,"[66.49270000000001, 66.96550000000002]","[(1685453640000, 66.0199, 1), (1685453760000, 65.5471, -1)]"
135,MRVL,2023-06-07,61.47,"[62.81, 63.480000000000004]","[(1686144960000, 62.14, 1), (1686145200000, 61.47, -1)]"
136,MRVL,2023-06-13,62.54,"[63.4, 63.83]","[(1686663180000, 62.97, 1), (1686664020000, 62.54, -1)]"
137,EL,2023-06-14,188.7,"[190.92000000000002, 192.03000000000003]","[(1686749520000, 189.81, 1), (1686749580000, 190.92000000000002, -0.5), (1686749640000, 190.35, -0.5)]"
138,DHI,2023-04-20,106.77,"[108.91000000000001, 109.98000000000002]","[(1681997580000, 107.84, 1), (1681998240000, 108.91000000000001, -0.5), (1681998840000, 109.48, -0.5)]"
139,F,2023-02-02,14.03,"[14.250000000000002, 14.360000000000003]","[(1675348380000, 14.14, 1), (1675348680000, 14.03, -1)]"
140,GM,2023-02-02,39.94,"[40.42, 40.660000000000004]","[(1675348320000, 40.18, 1), (1675348680000, 39.94, -1)]"
141,GM,2023-05-01,33.64,"[34.040000000000006, 34.24000000000001]","[(1682947980000, 33.84, 1), (1682948100000, 34.040000000000006, -0.5), (1682948640000, 34.07, -0.5)]"
142,GM,2023-06-09,37.21,"[37.483799999999995, 37.62069999999999]","[(1686318180000, 37.3469, 1), (1686318360000, 37.21, -1)]"
143,MCHP,2023-05-30,79.14,"[79.66000000000001, 79.92000000000002]","[(1685453580000, 79.4, 1), (1685453760000, 79.14, -1)]"
144,MET,2023-03-14,60.15,"[60.449999999999996, 60.599999999999994]","[(1678801200000, 60.3, 1), (1678801260000, 60.15, -1)]"
145,MET,2023-03-27,55.56,"[55.81999999999999, 55.94999999999999]","[(1679924040000, 55.69, 1), (1679924160000, 55.56, -1)]"
146,MET,2023-05-25,51.58,"[53.239999999999995, 54.06999999999999]","[(1685021580000, 52.41, 1), (1685032200000, 52.46, -1)]"
147,NEM,2023-03-15,44.94,"[45.31, 45.495000000000005]","[(1678887480000, 45.125, 1), (1678887900000, 44.94, -1)]"
148,SQ,2023-02-24,75.7,"[77.6998, 78.69969999999999]","[(1677249180000, 76.6999, 1), (1677249360000, 75.7, -1)]"
149,SQ,2023-03-16,74.173,"[74.827, 75.154]","[(1678973880000, 74.5, 1), (1678973940000, 74.827, -0.5), (1678974240000, 74.7, -0.5)]"
150,SQ,2023-03-27,61.75,"[62.699600000000004, 63.174400000000006]","[(1679924100000, 62.2248, 1), (1679924280000, 61.75, -1)]"
151,SQ,2023-03-30,68.59,"[69.31, 69.67]","[(1680183240000, 68.95, 1), (1680183420000, 69.31, -0.5), (1680184260000, 69.94, -0.5)]"
152,AIG,2023-03-14,51.55,"[51.81, 51.940000000000005]","[(1678800960000, 51.68, 1), (1678801020000, 51.81, -0.5), (1678801140000, 51.55, -0.5)]"
153,ET,2023-04-03,12.7,"[12.73, 12.745000000000001]","[(1680528780000, 12.715, 1), (1680528840000, 12.73, -0.5), (1680529380000, 12.8216, -0.5)]"
154,EW,2023-02-01,78.14,"[79.52, 80.21]","[(1675262220000, 78.83, 1), (1675262340000, 79.52, -0.5), (1675263180000, 80, -0.5)]"
155,FTNT,2023-02-08,58.72,"[59.760000000000005, 60.28000000000001]","[(1675866840000, 59.24, 1), (1675866900000, 59.760000000000005, -0.5), (1675867020000, 60.28000000000001, -0.5)]"
156,VLO,2023-05-08,108.915,"[109.96499999999999, 110.48999999999998]","[(1683552900000, 109.44, 1), (1683553080000, 109.96499999999999, -0.5), (1683553140000, 109.41, -0.5)]"
157,NUE,2023-06-02,137.9,"[138.55999999999997, 138.88999999999996]","[(1685712960000, 138.23, 1), (1685713080000, 138.55999999999997, -0.5), (1685713200000, 138.17, -0.5)]"
158,COIN,2023-03-17,69.4,"[71.6, 72.69999999999999]","[(1679059920000, 70.5, 1), (1679060340000, 71.6, -0.5), (1679060460000, 69.1, -0.5)]"
159,COIN,2023-03-29,64.72,"[65.80000000000001, 66.34000000000002]","[(1680096720000, 65.26, 1), (1680096780000, 65.80000000000001, -0.5), (1680096840000, 65.39, -0.5)]"
160,COIN,2023-04-26,57.2,"[58.8, 59.599999999999994]","[(1682515920000, 58, 1), (1682516100000, 57.2, -1)]"
161,COIN,2023-05-10,60.76,"[61.74, 62.230000000000004]","[(1683725760000, 61.25, 1), (1683726000000, 60.76, -1)]"
162,COIN,2023-06-07,51.7799,"[53.0219, 53.642900000000004]","[(1686144840000, 52.4009, 1), (1686145140000, 51.7799, -1)]"
163,COIN,2023-06-16,55.05,"[55.730000000000004, 56.07000000000001]","[(1686922320000, 55.39, 1), (1686922380000, 55.730000000000004, -0.5), (1686922620000, 55.4, -0.5)]"
164,SU,2023-05-08,30.11,"[30.230000000000004, 30.290000000000006]","[(1683552900000, 30.17, 1), (1683552960000, 30.230000000000004, -0.5), (1683553080000, 30.290000000000006, -0.5)]"
165,LEN,2023-06-15,117.04,"[119.54, 120.79]","[(1686835980000, 118.29, 1), (1686836820000, 119.54, -0.5), (1686837300000, 119.25, -0.5)]"
166,DDOG,2023-02-02,86.09,"[87.88999999999999, 88.78999999999998]","[(1675348440000, 86.99, 1), (1675348560000, 86.09, -1)]"
167,DDOG,2023-02-09,83.935,"[84.76499999999999, 85.17999999999998]","[(1675953180000, 84.35, 1), (1675953300000, 83.935, -1)]"
168,DDOG,2023-06-13,98.98,"[100.11999999999999, 100.68999999999998]","[(1686663240000, 99.55, 1), (1686663360000, 98.98, -1)]"
169,DASH,2023-05-05,61.82,"[64.18, 65.36]","[(1683293940000, 63, 1), (1683295260000, 61.82, -1)]"
170,CNC,2023-04-03,63.89,"[64.42999999999999, 64.69999999999999]","[(1680528780000, 64.16, 1), (1680529080000, 64.42999999999999, -0.5), (1680529740000, 64.6591, -0.5)]"
171,CNC,2023-04-25,68.905,"[69.17500000000001, 69.31000000000002]","[(1682429520000, 69.04, 1), (1682429580000, 69.17500000000001, -0.5), (1682430120000, 70.045, -0.5)]"
172,DOW,2023-04-12,57.34,"[57.56, 57.67]","[(1681306500000, 57.45, 1), (1681306680000, 57.56, -0.5), (1681306740000, 57.3901, -0.5)]"
173,PLTR,2023-02-02,8.47,"[8.63, 8.71]","[(1675348380000, 8.55, 1), (1675348500000, 8.63, -0.5), (1675349160000, 8.72, -0.5)]"
174,PLTR,2023-02-14,8.26,"[8.540000000000001, 8.680000000000001]","[(1676385120000, 8.4, 1), (1676385480000, 8.26, -1)]"
175,PLTR,2023-04-05,8.28,"[8.459999999999999, 8.549999999999999]","[(1680701700000, 8.37, 1), (1680702000000, 8.28, -1)]"
176,PLTR,2023-05-09,8.68,"[8.98, 9.13]","[(1683639360000, 8.83, 1), (1683639420000, 8.68, -1)]"
177,PLTR,2023-05-25,12.88,"[13.22, 13.39]","[(1685021580000, 13.05, 1), (1685021880000, 12.88, -1)]"
178,PLTR,2023-05-30,14.24,"[14.520000000000001, 14.660000000000002]","[(1685453640000, 14.38, 1), (1685453940000, 14.520000000000001, -0.5), (1685454060000, 14.365, -0.5)]"
179,PLTR,2023-06-13,15.96,"[16.22, 16.349999999999998]","[(1686663180000, 16.09, 1), (1686663240000, 15.96, -1)]"
180,LVS,2023-04-03,59.31,"[59.7, 59.895]","[(1680528900000, 59.505, 1), (1680528960000, 59.31, -1)]"
181,LVS,2023-04-20,61.24,"[62.74, 63.49]","[(1681997520000, 61.99, 1), (1681997760000, 61.24, -1)]"
182,LVS,2023-06-02,56.975,"[57.26499999999999, 57.40999999999999]","[(1685713020000, 57.12, 1), (1685713080000, 57.26499999999999, -0.5), (1685713140000, 56.975, -0.5)]"
183,ON,2023-03-29,77.71,"[78.07000000000001, 78.25000000000001]","[(1680096960000, 77.89, 1), (1680097020000, 78.07000000000001, -0.5), (1680097080000, 77.99, -0.5)]"
184,ON,2023-05-01,74.5,"[75.15, 75.47500000000001]","[(1682947980000, 74.825, 1), (1682948040000, 74.5, -1)]"
185,ON,2023-05-10,80.17,"[80.71, 80.97999999999999]","[(1683725580000, 80.44, 1), (1683725820000, 80.17, -1)]"
186,ON,2023-05-30,88.02,"[89.11999999999999, 89.66999999999999]","[(1685453580000, 88.57, 1), (1685453760000, 88.02, -1)]"
187,MRNA,2023-05-04,129.75,"[133.64999999999998, 135.59999999999997]","[(1683207420000, 131.7, 1), (1683208080000, 133.64999999999998, -0.5), (1683208740000, 134.09, -0.5)]"
188,MRNA,2023-05-24,139.5,"[141.88, 143.07]","[(1684935240000, 140.69, 1), (1684935360000, 139.5, -1)]"
189,MRNA,2023-06-26,120.25,"[120.98400000000001, 121.35100000000001]","[(1687786380000, 120.617, 1), (1687786440000, 120.98400000000001, -0.5), (1687786860000, 121.41, -0.5)]"
190,SPOT,2023-03-22,130.53,"[131.85, 132.51]","[(1679492220000, 131.19, 1), (1679492400000, 130.53, -1)]"
191,TTD,2023-02-02,56.1,"[57.21999999999999, 57.77999999999999]","[(1675348320000, 56.66, 1), (1675348380000, 56.1, -1)]"
192,TTD,2023-02-15,57.05,"[58.95, 59.900000000000006]","[(1676471520000, 58, 1), (1676471700000, 58.95, -0.5), (1676472780000, 60.01, -0.5)]"
193,TTD,2023-03-14,55.38,"[55.82, 56.04]","[(1678800840000, 55.6, 1), (1678800900000, 55.82, -0.5), (1678800960000, 55.4796, -0.5)]"
194,TTD,2023-05-11,63.72,"[66.6362, 68.0943]","[(1683812100000, 65.1781, 1), (1683812880000, 63.72, -1)]"
195,FIS,2023-02-09,75.05,"[76.29, 76.91000000000001]","[(1675953180000, 75.67, 1), (1675959180000, 75.05, -1)]"
196,FIS,2023-04-27,57.6,"[59.449999999999996, 60.37499999999999]","[(1682602740000, 58.525, 1), (1682603940000, 57.6, -1)]"
197,PPG,2023-04-03,137.26,"[138.44, 139.03]","[(1680528840000, 137.85, 1), (1680528900000, 138.44, -0.5), (1680529440000, 138.71, -0.5)]"
198,MBLY,2023-04-28,36.0,"[36.599999999999994, 36.89999999999999]","[(1682688960000, 36.3, 1), (1682689020000, 36, -1)]"
199,MBLY,2023-05-09,38.91,"[41.150000000000006, 42.27000000000001]","[(1683639180000, 40.03, 1), (1683643800000, 41.150000000000006, -0.5), (1683644760000, 41.8, -0.5)]"
200,BKR,2023-05-05,27.7,"[27.98, 28.12]","[(1683293640000, 27.84, 1), (1683294120000, 27.98, -0.5), (1683294660000, 28.06, -0.5)]"
201,BKR,2023-06-13,30.18,"[30.42, 30.540000000000003]","[(1686663120000, 30.3, 1), (1686663240000, 30.42, -0.5), (1686664080000, 30.56, -0.5)]"
202,CTVA,2023-06-02,55.21,"[55.21, 55.21]","[(1685712720000, 55.21, 1), (1685712780000, 55.21, -0.5), (1685712840000, 55.21, -0.5)]"
203,GFS,2023-02-14,66.6,"[68.11340000000001, 68.87010000000002]","[(1676385120000, 67.3567, 1), (1676385240000, 68.11340000000001, -0.5), (1676385420000, 68.03, -0.5)]"
204,GFS,2023-02-23,65.5,"[65.68, 65.77000000000001]","[(1677162780000, 65.59, 1), (1677162840000, 65.68, -0.5), (1677162960000, 65.35, -0.5)]"
205,ZS,2023-02-08,139.9201,"[140.6599, 141.0298]","[(1675866840000, 140.29, 1), (1675866900000, 140.6599, -0.5), (1675866960000, 141.0298, -0.5)]"
206,ZS,2023-05-08,103.6201,"[107.9799, 110.1598]","[(1683552780000, 105.8, 1), (1683553260000, 107.9799, -0.5), (1683553800000, 107.4301, -0.5)]"
207,ZS,2023-06-02,140.82,"[144.06, 145.68]","[(1685713080000, 142.44, 1), (1685713620000, 140.82, -1)]"
208,RCL,2023-02-07,71.8,"[73.22000000000001, 73.93000000000002]","[(1675780500000, 72.51, 1), (1675780680000, 73.22000000000001, -0.5), (1675781280000, 74.34, -0.5)]"
209,RCL,2023-03-14,65.53,"[66.03, 66.28]","[(1678800960000, 65.78, 1), (1678801020000, 65.53, -1)]"
210,RCL,2023-03-27,61.08,"[61.78, 62.13]","[(1679924460000, 61.43, 1), (1679924520000, 61.78, -0.5), (1679924640000, 61.08, -0.5)]"
211,RCL,2023-05-04,72.0,"[72.34, 72.51]","[(1683207180000, 72.17, 1), (1683207240000, 72.34, -0.5), (1683207300000, 72.51, -0.5)]"
212,HAL,2023-03-21,31.635,"[31.965, 32.129999999999995]","[(1679405700000, 31.8, 1), (1679406600000, 31.635, -1)]"
213,HAL,2023-03-27,29.91,"[30.029999999999998, 30.089999999999996]","[(1679924040000, 29.97, 1), (1679924220000, 29.91, -1)]"
214,HAL,2023-05-05,29.79,"[30.17, 30.360000000000003]","[(1683293640000, 29.98, 1), (1683294120000, 30.17, -0.5), (1683294600000, 30.12, -0.5)]"
215,HAL,2023-06-05,31.95,"[32.17, 32.28000000000001]","[(1685972100000, 32.06, 1), (1685972280000, 31.95, -1)]"
216,CVE,2023-06-05,17.25,"[17.380000000000003, 17.445000000000004]","[(1685972040000, 17.315, 1), (1685972160000, 17.25, -1)]"
217,VEEV,2023-03-02,176.0,"[177.60000000000002, 178.40000000000003]","[(1677767520000, 176.8, 1), (1677767580000, 176, -1)]"
218,VEEV,2023-06-01,187.55,"[188.84999999999997, 189.49999999999994]","[(1685626320000, 188.2, 1), (1685626380000, 188.84999999999997, -0.5), (1685626560000, 185.45, -0.5)]"
219,DVN,2023-06-02,47.71,"[48.10999999999999, 48.30999999999999]","[(1685712720000, 47.91, 1), (1685712780000, 47.71, -1)]"
220,DVN,2023-06-05,49.4075,"[49.6125, 49.714999999999996]","[(1685971920000, 49.51, 1), (1685972100000, 49.6125, -0.5), (1685972160000, 49.505, -0.5)]"
221,DVN,2023-06-13,50.32,"[50.919999999999995, 51.21999999999999]","[(1686663120000, 50.62, 1), (1686663360000, 50.919999999999995, -0.5), (1686664080000, 50.95, -0.5)]"
222,DG,2023-06-14,161.815,"[162.60500000000002, 163.00000000000003]","[(1686749880000, 162.21, 1), (1686749940000, 162.60500000000002, -0.5), (1686750180000, 163.00000000000003, -0.5)]"
223,CPNG,2023-02-02,17.12,"[17.279999999999998, 17.359999999999996]","[(1675348440000, 17.2, 1), (1675348500000, 17.279999999999998, -0.5), (1675348860000, 17.359999999999996, -0.5)]"
224,CPNG,2023-03-22,13.84,"[13.940000000000001, 13.990000000000002]","[(1679492220000, 13.89, 1), (1679492340000, 13.940000000000001, -0.5), (1679492460000, 13.9, -0.5)]"
225,RBLX,2023-03-14,42.14,"[43.040000000000006, 43.49000000000001]","[(1678800780000, 42.59, 1), (1678801500000, 43.040000000000006, -0.5), (1678801800000, 42.93, -0.5)]"
226,RBLX,2023-03-24,43.8,"[44.5454, 44.9181]","[(1679664840000, 44.1727, 1), (1679664900000, 44.5454, -0.5), (1679664960000, 44.07, -0.5)]"
227,RBLX,2023-05-10,36.361,"[37.616800000000005, 38.24470000000001]","[(1683725580000, 36.9889, 1), (1683725760000, 37.616800000000005, -0.5), (1683726540000, 37.7, -0.5)]"
228,RBLX,2023-05-11,40.18,"[41.32, 41.89]","[(1683811980000, 40.75, 1), (1683812160000, 41.32, -0.5), (1683812340000, 40.85, -0.5)]"
229,RBLX,2023-06-13,40.03,"[40.650000000000006, 40.96000000000001]","[(1686663300000, 40.34, 1), (1686663480000, 40.03, -1)]"
230,NET,2023-02-10,58.65,"[60.449999999999996, 61.349999999999994]","[(1676040180000, 59.55, 1), (1676040600000, 60.449999999999996, -0.5), (1676040720000, 58.91, -0.5)]"
231,NET,2023-05-10,48.26,"[48.96, 49.31]","[(1683725700000, 48.61, 1), (1683725760000, 48.26, -1)]"
232,NET,2023-05-25,57.88,"[57.96, 58.0]","[(1685021520000, 57.92, 1), (1685021580000, 57.88, -1)]"
233,NET,2023-05-30,62.56,"[63.517399999999995, 63.99609999999999]","[(1685453580000, 63.0387, 1), (1685453640000, 63.517399999999995, -0.5), (1685454060000, 63.9015, -0.5)]"
234,NET,2023-06-02,70.53,"[71.58000000000001, 72.10500000000002]","[(1685712960000, 71.055, 1), (1685713020000, 71.58000000000001, -0.5), (1685713140000, 71.08, -0.5)]"
235,NET,2023-06-13,66.57,"[67.43, 67.86000000000001]","[(1686663240000, 67, 1), (1686663300000, 67.43, -0.5), (1686664020000, 67.91, -0.5)]"
236,SNAP,2023-02-02,10.67,"[10.930000000000001, 11.060000000000002]","[(1675348380000, 10.8, 1), (1675348440000, 10.67, -1)]"
237,SNAP,2023-03-16,10.38,"[10.639999999999999, 10.769999999999998]","[(1678973700000, 10.51, 1), (1678973820000, 10.639999999999999, -0.5), (1678974480000, 10.87, -0.5)]"
238,SNAP,2023-04-18,11.07,"[11.21, 11.280000000000001]","[(1681824840000, 11.14, 1), (1681825020000, 11.21, -0.5), (1681825140000, 11.14, -0.5)]"
239,SNAP,2023-04-26,10.155,"[10.285000000000002, 10.350000000000003]","[(1682516040000, 10.22, 1), (1682516100000, 10.155, -1)]"
240,SNAP,2023-05-10,8.4204,"[8.499600000000001, 8.539200000000001]","[(1683725760000, 8.46, 1), (1683725820000, 8.499600000000001, -0.5), (1683726600000, 8.58, -0.5)]"
241,SNAP,2023-06-29,11.65,"[11.860000000000001, 11.965000000000002]","[(1688045820000, 11.755, 1), (1688046060000, 11.860000000000001, -0.5), (1688046360000, 11.79, -0.5)]"
242,TTWO,2023-05-18,134.76,"[140.40000000000003, 143.22000000000006]","[(1684416720000, 137.58, 1), (1684417080000, 140.40000000000003, -0.5), (1684417380000, 138.21, -0.5)]"
243,WBD,2023-03-17,14.57,"[14.8, 14.915000000000001]","[(1679060220000, 14.685, 1), (1679060340000, 14.8, -0.5), (1679060520000, 14.57, -0.5)]"
244,XYL,2023-05-31,100.19,"[101.28999999999999, 101.83999999999999]","[(1685540280000, 100.74, 1), (1685540880000, 100.19, -1)]"
245,PINS,2023-03-27,28.5442,"[28.9958, 29.2216]","[(1679923920000, 28.77, 1), (1679924040000, 28.9958, -0.5), (1679924280000, 28.6457, -0.5)]"
246,CAH,2023-02-03,77.63,"[79.18, 79.95500000000001]","[(1675435260000, 78.405, 1), (1675435920000, 77.63, -1)]"
247,CCL,2023-02-02,11.6,"[11.725600000000002, 11.788400000000003]","[(1675348380000, 11.6628, 1), (1675349400000, 11.725600000000002, -0.5), (1675349520000, 11.655, -0.5)]"
248,CCL,2023-02-07,12.0501,"[12.1799, 12.2448]","[(1675780560000, 12.115, 1), (1675780620000, 12.1799, -0.5), (1675781280000, 12.36, -0.5)]"
249,CCL,2023-03-03,10.9601,"[11.079699999999999, 11.139499999999998]","[(1677853980000, 11.0199, 1), (1677854220000, 10.9601, -1)]"
250,CCL,2023-03-27,9.11,"[9.25, 9.32]","[(1679924400000, 9.18, 1), (1679924460000, 9.25, -0.5), (1679924640000, 9.11, -0.5)]"
251,CCL,2023-03-29,9.64,"[9.899999999999999, 10.029999999999998]","[(1680096780000, 9.77, 1), (1680097440000, 9.899999999999999, -0.5), (1680097560000, 9.8, -0.5)]"
252,CCL,2023-05-04,9.72,"[9.88, 9.96]","[(1683207180000, 9.8, 1), (1683207240000, 9.72, -1)]"
253,CCL,2023-06-12,13.84,"[14.120000000000001, 14.260000000000002]","[(1686576720000, 13.98, 1), (1686576780000, 14.120000000000001, -0.5), (1686577620000, 14.29, -0.5)]"
254,CCL,2023-06-30,17.62,"[17.8, 17.89]","[(1688132160000, 17.71, 1), (1688132220000, 17.8, -0.5), (1688133360000, 18.42, -0.5)]"
255,FITB,2023-03-14,27.43,"[28.21, 28.6]","[(1678800960000, 27.82, 1), (1678801440000, 27.43, -1)]"
256,FITB,2023-03-21,26.51,"[27.31, 27.709999999999997]","[(1679405580000, 26.91, 1), (1679405700000, 26.51, -1)]"
257,FITB,2023-05-05,24.24,"[24.540000000000003, 24.690000000000005]","[(1683293700000, 24.39, 1), (1683293940000, 24.24, -1)]"
258,FITB,2023-05-08,25.215,"[25.444999999999997, 25.559999999999995]","[(1683553080000, 25.33, 1), (1683553140000, 25.215, -1)]"
259,FITB,2023-06-02,25.105,"[25.377999999999997, 25.514499999999995]","[(1685712960000, 25.2415, 1), (1685715600000, 25.377999999999997, -0.5), (1685716800000, 25.59, -0.5)]"
260,MTB,2023-03-14,131.87,"[134.8646, 136.3619]","[(1678800900000, 133.3673, 1), (1678800960000, 131.87, -1)]"
261,RIVN,2023-02-02,20.34,"[20.643600000000003, 20.795400000000004]","[(1675348320000, 20.4918, 1), (1675348500000, 20.643600000000003, -0.5), (1675348680000, 20.52, -0.5)]"
262,RIVN,2023-02-09,20.47,"[20.75, 20.89]","[(1675953180000, 20.61, 1), (1675953300000, 20.47, -1)]"
263,RIVN,2023-02-27,17.62,"[17.859999999999996, 17.979999999999993]","[(1677508320000, 17.74, 1), (1677508380000, 17.859999999999996, -0.5), (1677508500000, 17.73, -0.5)]"
264,RIVN,2023-03-30,14.44,"[14.58, 14.65]","[(1680183420000, 14.51, 1), (1680183480000, 14.44, -1)]"
265,RIVN,2023-05-10,14.84,"[15.34, 15.59]","[(1683725940000, 15.09, 1), (1683726300000, 15.34, -0.5), (1683726720000, 15.39, -0.5)]"
266,RIVN,2023-05-30,15.45,"[15.670000000000002, 15.780000000000003]","[(1685453520000, 15.56, 1), (1685454180000, 15.45, -1)]"
267,RIVN,2023-06-02,14.9,"[15.040000000000001, 15.110000000000001]","[(1685712780000, 14.97, 1), (1685712840000, 15.040000000000001, -0.5), (1685712900000, 14.96, -0.5)]"
268,ILMN,2023-06-12,203.04,"[206.4, 208.08]","[(1686576780000, 204.72, 1), (1686576900000, 203.04, -1)]"
269,ZM,2023-02-02,79.51,"[80.96999999999998, 81.69999999999997]","[(1675348380000, 80.24, 1), (1675348500000, 80.96999999999998, -0.5), (1675348620000, 80.01, -0.5)]"
270,ZM,2023-02-28,74.32,"[76.20000000000002, 77.14000000000003]","[(1677594840000, 75.26, 1), (1677594900000, 74.32, -1)]"
271,HWM,2023-03-31,42.3194,"[42.42059999999999, 42.47119999999999]","[(1680269580000, 42.37, 1), (1680269640000, 42.42059999999999, -0.5), (1680269820000, 42.47119999999999, -0.5)]"
272,TECK,2023-02-21,45.4,"[45.8598, 46.0897]","[(1676990040000, 45.6299, 1), (1676990100000, 45.4, -1)]"
273,TECK,2023-03-01,40.71,"[41.07, 41.25]","[(1677681240000, 40.89, 1), (1677681300000, 41.07, -0.5), (1677682140000, 41.81, -0.5)]"
274,TECK,2023-04-03,40.47,"[41.290000000000006, 41.70000000000001]","[(1680529080000, 40.88, 1), (1680529140000, 41.290000000000006, -0.5), (1680529800000, 42, -0.5)]"
275,TECK,2023-04-26,44.87,"[45.27, 45.470000000000006]","[(1682516220000, 45.07, 1), (1682516340000, 44.87, -1)]"
276,TECK,2023-05-31,39.05,"[39.650000000000006, 39.95000000000001]","[(1685539920000, 39.35, 1), (1685539980000, 39.05, -1)]"
277,TECK,2023-06-02,42.13,"[42.46999999999999, 42.639999999999986]","[(1685712780000, 42.3, 1), (1685713200000, 42.13, -1)]"
278,EXPE,2023-05-05,93.75,"[97.25, 99.0]","[(1683293640000, 95.5, 1), (1683294360000, 97.25, -0.5), (1683294600000, 95.83, -0.5)]"
279,CTRA,2023-04-03,25.31,"[25.530000000000005, 25.640000000000008]","[(1680528720000, 25.42, 1), (1680528960000, 25.530000000000005, -0.5), (1680529140000, 25.37, -0.5)]"
280,CTRA,2023-06-05,24.21,"[24.29, 24.33]","[(1685972160000, 24.25, 1), (1685972220000, 24.21, -1)]"
281,CCJ,2023-02-09,28.01,"[28.59, 28.88]","[(1675953240000, 28.3, 1), (1675953360000, 28.59, -0.5), (1675953960000, 28.94, -0.5)]"
282,VRT,2023-06-09,21.13,"[21.250000000000004, 21.310000000000006]","[(1686317580000, 21.19, 1), (1686317640000, 21.13, -1)]"
283,HBAN,2023-03-21,10.9,"[11.12, 11.229999999999999]","[(1679405580000, 11.01, 1), (1679405820000, 11.12, -0.5), (1679406540000, 11.09, -0.5)]"
284,HBAN,2023-04-14,11.46,"[11.5598, 11.609699999999998]","[(1681479420000, 11.5099, 1), (1681479540000, 11.46, -1)]"
285,HBAN,2023-05-05,9.52,"[9.8, 9.940000000000001]","[(1683293520000, 9.66, 1), (1683293760000, 9.8, -0.5), (1683294420000, 9.78, -0.5)]"
286,HBAN,2023-05-08,9.99,"[10.1, 10.155]","[(1683553080000, 10.045, 1), (1683553200000, 9.99, -1)]"
287,HBAN,2023-06-02,10.65,"[10.749999999999998, 10.799999999999997]","[(1685712960000, 10.7, 1), (1685713020000, 10.749999999999998, -0.5), (1685713080000, 10.715, -0.5)]"
288,ENPH,2023-02-02,228.6,"[231.9738, 233.66070000000002]","[(1675348740000, 230.2869, 1), (1675348800000, 231.9738, -0.5), (1675349400000, 233.4001, -0.5)]"
289,ENPH,2023-02-08,236.53,"[242.57000000000002, 245.59000000000003]","[(1675866900000, 239.55, 1), (1675866960000, 236.53, -1)]"
290,ENPH,2023-03-21,195.2901,"[198.8075, 200.5662]","[(1679405580000, 197.0488, 1), (1679405940000, 198.8075, -0.5), (1679407500000, 203.12, -0.5)]"
291,ENPH,2023-03-30,208.5347,"[210.4653, 211.43060000000003]","[(1680183360000, 209.5, 1), (1680183480000, 210.4653, -0.5), (1680184200000, 211.59, -0.5)]"
292,ENPH,2023-05-04,156.72,"[159.14000000000001, 160.35000000000002]","[(1683207180000, 157.93, 1), (1683207240000, 159.14000000000001, -0.5), (1683207300000, 158.1396, -0.5)]"
293,ENPH,2023-06-02,182.59,"[184.79, 185.89]","[(1685712900000, 183.69, 1), (1685712960000, 184.79, -0.5), (1685714340000, 182.59, -0.5)]"
294,FSLR,2023-03-01,177.29,"[183.53, 186.65]","[(1677681300000, 180.41, 1), (1677681480000, 183.53, -0.5), (1677682920000, 188.5201, -0.5)]"
295,RF,2023-05-05,16.195,"[16.345, 16.419999999999998]","[(1683293640000, 16.27, 1), (1683293760000, 16.345, -0.5), (1683293820000, 16.32, -0.5)]"
296,RF,2023-05-08,16.48,"[16.580000000000002, 16.630000000000003]","[(1683553080000, 16.53, 1), (1683553200000, 16.48, -1)]"
297,ALB,2023-05-03,178.72,"[180.22, 180.97]","[(1683120960000, 179.47, 1), (1683121080000, 180.22, -0.5), (1683121140000, 179.93, -0.5)]"
298,ALB,2023-05-22,207.0,"[208.92000000000002, 209.88000000000002]","[(1684762440000, 207.96, 1), (1684763520000, 208.92000000000002, -0.5), (1684764120000, 209.165, -0.5)]"
299,YUMC,2023-03-17,62.21,"[62.85, 63.17]","[(1679060100000, 62.53, 1), (1679060220000, 62.85, -0.5), (1679060280000, 62.5, -0.5)]"
300,WDC,2023-05-15,34.56,"[35.42, 35.85]","[(1684157580000, 34.99, 1), (1684158300000, 35.42, -0.5), (1684158540000, 34.99, -0.5)]"
301,DKNG,2023-02-02,16.88,"[17.16, 17.3]","[(1675348440000, 17.02, 1), (1675348680000, 17.16, -0.5), (1675349100000, 17.21, -0.5)]"
302,DKNG,2023-02-17,19.62,"[20.38, 20.759999999999998]","[(1676644440000, 20, 1), (1676644500000, 20.38, -0.5), (1676645100000, 20.36, -0.5)]"
303,DKNG,2023-03-07,19.615,"[19.945000000000004, 20.110000000000007]","[(1678199580000, 19.78, 1), (1678199640000, 19.615, -1)]"
304,DKNG,2023-04-18,19.8,"[19.919999999999998, 19.979999999999997]","[(1681824840000, 19.86, 1), (1681824900000, 19.8, -1)]"
305,DKNG,2023-05-05,23.03,"[23.67, 23.990000000000002]","[(1683293580000, 23.35, 1), (1683293700000, 23.67, -0.5), (1683294000000, 23.990000000000002, -0.5)]"
306,EDR,2023-04-25,25.03,"[25.93, 26.38]","[(1682429580000, 25.48, 1), (1682434680000, 25.93, -0.5), (1682434980000, 25.81, -0.5)]"
307,BBY,2023-05-25,69.77,"[71.9698, 73.06970000000001]","[(1685021520000, 70.8699, 1), (1685021760000, 71.9698, -0.5), (1685021820000, 71.11, -0.5)]"
308,SMCI,2023-06-09,262.0101,"[264.8699, 266.29979999999995]","[(1686317640000, 263.44, 1), (1686317700000, 262.0101, -1)]"
309,EQT,2023-04-03,32.44,"[32.72, 32.86]","[(1680528900000, 32.58, 1), (1680528960000, 32.72, -0.5), (1680529020000, 32.53, -0.5)]"
310,EQT,2023-04-10,32.77,"[33.10999999999999, 33.27999999999999]","[(1681133580000, 32.94, 1), (1681133760000, 33.10999999999999, -0.5), (1681134780000, 33.7, -0.5)]"
311,EQT,2023-06-05,37.23,"[37.49, 37.620000000000005]","[(1685972160000, 37.36, 1), (1685972220000, 37.23, -1)]"
312,SYF,2023-03-27,28.85,"[29.07, 29.18]","[(1679923980000, 28.96, 1), (1679924160000, 28.85, -1)]"
313,SYF,2023-04-19,30.8614,"[31.578599999999998, 31.937199999999997]","[(1681911360000, 31.22, 1), (1681911480000, 30.8614, -1)]"
314,CFG,2023-03-27,31.54,"[31.82, 31.96]","[(1679924160000, 31.68, 1), (1679924220000, 31.82, -0.5), (1679924280000, 31.54, -0.5)]"
315,CFG,2023-05-05,25.63,"[25.790000000000003, 25.870000000000005]","[(1683293640000, 25.71, 1), (1683293700000, 25.790000000000003, -0.5), (1683293760000, 25.870000000000005, -0.5)]"
316,CFG,2023-05-08,26.77,"[27.19, 27.400000000000002]","[(1683552720000, 26.98, 1), (1683552840000, 26.77, -1)]"
317,MGM,2023-02-09,44.08,"[44.980000000000004, 45.43000000000001]","[(1675953180000, 44.53, 1), (1675953360000, 44.980000000000004, -0.5), (1675953840000, 45.17, -0.5)]"
318,MGM,2023-04-12,44.12,"[44.36000000000001, 44.48000000000001]","[(1681306380000, 44.24, 1), (1681306440000, 44.12, -1)]"
319,U,2023-02-02,39.38,"[40.279999999999994, 40.72999999999999]","[(1675348500000, 39.83, 1), (1675348560000, 39.38, -1)]"
320,U,2023-03-17,28.61,"[28.85, 28.970000000000002]","[(1679060220000, 28.73, 1), (1679060280000, 28.61, -1)]"
321,U,2023-04-12,31.26,"[31.419999999999998, 31.499999999999996]","[(1681306680000, 31.34, 1), (1681306740000, 31.26, -1)]"
322,U,2023-05-10,28.43,"[28.774, 28.946]","[(1683725700000, 28.602, 1), (1683726060000, 28.43, -1)]"
323,U,2023-05-11,30.0,"[31.28, 31.92]","[(1683811980000, 30.64, 1), (1683812160000, 31.28, -0.5), (1683812520000, 30.76, -0.5)]"
324,U,2023-06-02,30.52,"[30.8366, 30.9949]","[(1685712840000, 30.6783, 1), (1685712900000, 30.8366, -0.5), (1685712960000, 30.64, -0.5)]"
325,U,2023-06-09,36.8,"[37.61, 38.015]","[(1686317580000, 37.205, 1), (1686317640000, 37.61, -0.5), (1686317760000, 37.3, -0.5)]"
326,U,2023-06-16,42.15,"[43.199999999999996, 43.724999999999994]","[(1686922560000, 42.675, 1), (1686922680000, 42.15, -1)]"
327,U,2023-06-27,38.8,"[39.72, 40.18]","[(1687872840000, 39.26, 1), (1687873140000, 39.72, -0.5), (1687873260000, 39.1212, -0.5)]"
328,AFRM,2023-03-30,10.68,"[10.8, 10.860000000000001]","[(1680183240000, 10.74, 1), (1680183300000, 10.68, -1)]"
329,AFRM,2023-04-12,12.11,"[12.350000000000001, 12.470000000000002]","[(1681306320000, 12.23, 1), (1681306500000, 12.11, -1)]"
330,AFRM,2023-06-07,17.9,"[18.46, 18.740000000000002]","[(1686144840000, 18.18, 1), (1686144900000, 18.46, -0.5), (1686144960000, 18.02, -0.5)]"
331,OKTA,2023-02-02,80.5,"[81.74000000000001, 82.36000000000001]","[(1675348380000, 81.12, 1), (1675348500000, 80.5, -1)]"
332,OKTA,2023-03-02,78.0,"[80.53980000000001, 81.80970000000002]","[(1677767580000, 79.2699, 1), (1677767820000, 78, -1)]"
333,OKTA,2023-05-30,89.55,"[90.19000000000001, 90.51000000000002]","[(1685453580000, 89.87, 1), (1685453640000, 90.19000000000001, -0.5), (1685453760000, 90, -0.5)]"
334,MRO,2023-05-05,22.86,"[23.060000000000002, 23.160000000000004]","[(1683293640000, 22.96, 1), (1683293760000, 23.060000000000002, -0.5), (1683293940000, 22.91, -0.5)]"
335,MRO,2023-05-08,23.3,"[23.459999999999997, 23.539999999999996]","[(1683552900000, 23.38, 1), (1683553140000, 23.459999999999997, -0.5), (1683553200000, 23.37, -0.5)]"
336,MRO,2023-06-02,22.88,"[23.12, 23.240000000000002]","[(1685712720000, 23, 1), (1685712780000, 22.88, -1)]"
337,MRO,2023-06-05,23.81,"[23.95, 24.02]","[(1685972280000, 23.88, 1), (1685972340000, 23.81, -1)]"
338,PATH,2023-02-02,17.69,"[17.929999999999996, 18.049999999999994]","[(1675348380000, 17.81, 1), (1675348560000, 17.69, -1)]"
339,PATH,2023-04-12,16.83,"[16.9, 16.935]","[(1681306680000, 16.865, 1), (1681306740000, 16.83, -1)]"
340,PATH,2023-05-30,16.32,"[16.632399999999997, 16.788599999999995]","[(1685453580000, 16.4762, 1), (1685453640000, 16.632399999999997, -0.5), (1685453820000, 16.788599999999995, -0.5)]"
341,PATH,2023-06-02,18.349,"[19.051, 19.401999999999997]","[(1685712720000, 18.7, 1), (1685713020000, 19.051, -0.5), (1685713560000, 19.19, -0.5)]"
342,PATH,2023-06-07,19.41,"[19.610000000000003, 19.710000000000004]","[(1686144720000, 19.51, 1), (1686144780000, 19.610000000000003, -0.5), (1686144840000, 19.710000000000004, -0.5)]"
343,PATH,2023-06-13,18.1143,"[18.2857, 18.371399999999998]","[(1686663180000, 18.2, 1), (1686663360000, 18.1143, -1)]"
344,TWLO,2023-02-02,65.03,"[65.91, 66.35]","[(1675348320000, 65.47, 1), (1675348380000, 65.91, -0.5), (1675348560000, 65.01, -0.5)]"
345,TWLO,2023-02-13,60.55,"[61.85000000000001, 62.500000000000014]","[(1676299020000, 61.2, 1), (1676299080000, 60.55, -1)]"
346,TWLO,2023-06-02,68.1535,"[69.08630000000001, 69.55270000000002]","[(1685712840000, 68.6199, 1), (1685713620000, 68.1535, -1)]"
347,Z,2023-02-13,44.15,"[44.37, 44.48]","[(1676298960000, 44.26, 1), (1676299020000, 44.15, -1)]"
348,Z,2023-02-27,41.97,"[42.43000000000001, 42.66000000000001]","[(1677508380000, 42.2, 1), (1677509160000, 41.97, -1)]"
349,KEY,2023-03-14,13.05,"[13.21, 13.290000000000001]","[(1678800960000, 13.13, 1), (1678801020000, 13.21, -0.5), (1678801140000, 13.05, -0.5)]"
350,KEY,2023-03-27,12.77,"[12.95, 13.04]","[(1679923980000, 12.86, 1), (1679924100000, 12.77, -1)]"
351,KEY,2023-03-30,12.79,"[12.95, 13.03]","[(1680183240000, 12.87, 1), (1680184200000, 12.79, -1)]"
352,KEY,2023-04-14,12.355,"[12.445, 12.49]","[(1681479480000, 12.4, 1), (1681479540000, 12.355, -1)]"
353,KEY,2023-05-05,9.66,"[9.84, 9.93]","[(1683293640000, 9.75, 1), (1683293760000, 9.66, -1)]"
354,KEY,2023-05-08,9.85,"[9.930000000000001, 9.970000000000002]","[(1683553380000, 9.89, 1), (1683553440000, 9.85, -1)]"
355,KEY,2023-06-02,9.83,"[9.959999999999999, 10.024999999999999]","[(1685712900000, 9.895, 1), (1685713080000, 9.959999999999999, -0.5), (1685713620000, 9.92, -0.5)]"
356,EXAS,2023-03-09,66.9149,"[67.8839, 68.3684]","[(1678372380000, 67.3994, 1), (1678372500000, 67.8839, -0.5), (1678372680000, 67.36, -0.5)]"
357,EXAS,2023-06-21,93.59,"[96.44219999999999, 97.86829999999998]","[(1687354560000, 95.0161, 1), (1687355160000, 96.44219999999999, -0.5), (1687355520000, 95.9, -0.5)]"
358,ROKU,2023-03-30,64.41,"[65.34980000000002, 65.81970000000003]","[(1680183600000, 64.8799, 1), (1680183720000, 64.41, -1)]"
359,ROKU,2023-04-12,64.75,"[65.38999999999999, 65.70999999999998]","[(1681306320000, 65.07, 1), (1681306380000, 65.38999999999999, -0.5), (1681306440000, 64.78, -0.5)]"
360,DINO,2023-04-03,49.5,"[50.120000000000005, 50.43000000000001]","[(1680528900000, 49.81, 1), (1680529080000, 50.120000000000005, -0.5), (1680529140000, 49.8, -0.5)]"
361,DOCU,2023-02-02,64.41,"[64.78999999999999, 64.97999999999999]","[(1675348800000, 64.6, 1), (1675348860000, 64.78999999999999, -0.5), (1675349160000, 65.03, -0.5)]"
362,FND,2023-02-24,89.365,"[90.90500000000002, 91.67500000000003]","[(1677249360000, 90.135, 1), (1677249420000, 89.365, -1)]"
363,RBA,2023-03-06,61.77,"[62.949999999999996, 63.53999999999999]","[(1678113240000, 62.36, 1), (1678113960000, 61.77, -1)]"
364,OVV,2023-04-03,38.39,"[39.290000000000006, 39.74000000000001]","[(1680528780000, 38.84, 1), (1680528900000, 39.290000000000006, -0.5), (1680529140000, 38.89, -0.5)]"
365,OVV,2023-06-05,37.0,"[37.64, 37.96]","[(1685972220000, 37.32, 1), (1685973360000, 37, -1)]"
366,MOS,2023-06-02,32.36,"[32.84, 33.080000000000005]","[(1685712840000, 32.6, 1), (1685713800000, 32.84, -0.5), (1685713920000, 32.72, -0.5)]"
367,NRG,2023-05-15,33.6,"[34.160000000000004, 34.440000000000005]","[(1684157760000, 33.88, 1), (1684157880000, 34.160000000000004, -0.5), (1684157940000, 34.13, -0.5)]"
368,NRG,2023-06-22,34.94,"[35.2, 35.330000000000005]","[(1687440900000, 35.07, 1), (1687440960000, 35.2, -0.5), (1687441020000, 35.045, -0.5)]"
369,TOL,2023-05-25,67.64,"[68.17999999999999, 68.44999999999999]","[(1685021580000, 67.91, 1), (1685021640000, 67.64, -1)]"
370,APA,2023-05-08,33.74,"[33.98, 34.099999999999994]","[(1683552900000, 33.86, 1), (1683552960000, 33.98, -0.5), (1683553620000, 33.74, -0.5)]"
371,QRVO,2023-05-04,95.94,"[98.19640000000001, 99.32460000000002]","[(1683207480000, 97.0682, 1), (1683207600000, 98.19640000000001, -0.5), (1683207660000, 99.32460000000002, -0.5)]"
372,CVNA,2023-03-22,9.41,"[10.190000000000001, 10.580000000000002]","[(1679492220000, 9.8, 1), (1679492400000, 9.41, -1)]"
373,CVNA,2023-05-25,11.85,"[12.15, 12.3]","[(1685021580000, 12, 1), (1685021640000, 11.85, -1)]"
374,CVNA,2023-06-01,13.42,"[13.799999999999999, 13.989999999999998]","[(1685626320000, 13.61, 1), (1685626380000, 13.799999999999999, -0.5), (1685626560000, 13.76, -0.5)]"
375,CVNA,2023-06-13,21.7,"[22.24, 22.509999999999998]","[(1686663120000, 21.97, 1), (1686663180000, 22.24, -0.5), (1686663300000, 21.711, -0.5)]"
376,CVNA,2023-06-29,27.5,"[28.04, 28.31]","[(1688045820000, 27.77, 1), (1688045880000, 27.5, -1)]"
377,CHWY,2023-05-03,31.31,"[31.63, 31.79]","[(1683120960000, 31.47, 1), (1683121140000, 31.63, -0.5), (1683121980000, 31.94, -0.5)]"
378,CLF,2023-03-01,21.56,"[21.7, 21.77]","[(1677681480000, 21.63, 1), (1677681540000, 21.7, -0.5), (1677681780000, 21.56, -0.5)]"
379,CLF,2023-03-14,19.61,"[19.75, 19.82]","[(1678800960000, 19.68, 1), (1678801080000, 19.75, -0.5), (1678801140000, 19.67, -0.5)]"
380,CLF,2023-03-20,17.85,"[18.009999999999998, 18.089999999999996]","[(1679319180000, 17.93, 1), (1679319360000, 17.85, -1)]"
381,CLF,2023-04-11,18.13,"[18.3274, 18.4261]","[(1681220100000, 18.2287, 1), (1681220280000, 18.3274, -0.5), (1681220520000, 18.27, -0.5)]"
382,CLF,2023-05-08,15.12,"[15.280200000000002, 15.360300000000004]","[(1683552900000, 15.2001, 1), (1683553020000, 15.12, -1)]"
383,CLF,2023-06-02,14.57,"[14.71, 14.780000000000001]","[(1685712960000, 14.64, 1), (1685713080000, 14.71, -0.5), (1685713140000, 14.595, -0.5)]"
384,CLF,2023-06-14,16.88,"[17.12, 17.240000000000002]","[(1686749640000, 17, 1), (1686749700000, 17.12, -0.5), (1686750000000, 17.025, -0.5)]"
385,ALLY,2023-04-14,27.11,"[27.29, 27.38]","[(1681479480000, 27.2, 1), (1681479540000, 27.11, -1)]"
386,ALLY,2023-05-05,24.71,"[25.089999999999996, 25.279999999999994]","[(1683293640000, 24.9, 1), (1683294060000, 25.089999999999996, -0.5), (1683294420000, 24.98, -0.5)]"
387,ETSY,2023-02-02,142.14,"[144.22000000000003, 145.26000000000005]","[(1675348320000, 143.18, 1), (1675348380000, 144.22000000000003, -0.5), (1675348920000, 144.4733, -0.5)]"
388,ETSY,2023-02-23,120.37,"[122.93, 124.21000000000001]","[(1677163080000, 121.65, 1), (1677163200000, 122.93, -0.5), (1677164220000, 124.9, -0.5)]"
389,ETSY,2023-04-04,112.35,"[113.4572, 114.0108]","[(1680615480000, 112.9036, 1), (1680615540000, 112.35, -1)]"
390,ETSY,2023-06-09,90.45,"[91.20979999999999, 91.58969999999998]","[(1686317760000, 90.8299, 1), (1686317940000, 91.20979999999999, -0.5), (1686318900000, 91.58969999999998, -0.5)]"
391,PARA,2023-02-02,24.85,"[25.11, 25.24]","[(1675348320000, 24.98, 1), (1675348380000, 24.85, -1)]"
392,PARA,2023-02-15,22.66,"[23.16, 23.41]","[(1676471520000, 22.91, 1), (1676471820000, 23.16, -0.5), (1676471940000, 22.93, -0.5)]"
393,PARA,2023-03-28,22.1,"[22.299999999999997, 22.399999999999995]","[(1680010500000, 22.2, 1), (1680010560000, 22.299999999999997, -0.5), (1680010620000, 22.27, -0.5)]"
394,PARA,2023-05-26,14.66,"[15.120000000000001, 15.350000000000001]","[(1685108040000, 14.89, 1), (1685108100000, 14.66, -1)]"
395,PARA,2023-05-31,15.39,"[15.55, 15.63]","[(1685540100000, 15.47, 1), (1685540220000, 15.55, -0.5), (1685540280000, 15.575, -0.5)]"
396,GTLB,2023-06-06,42.89,"[44.989999999999995, 46.03999999999999]","[(1686058380000, 43.94, 1), (1686059760000, 42.89, -1)]"
397,TOST,2023-02-02,23.8677,"[24.1323, 24.2646]","[(1675348620000, 24, 1), (1675349100000, 24.1323, -0.5), (1675349460000, 24.06, -0.5)]"
398,TOST,2023-02-13,23.4,"[23.560000000000002, 23.640000000000004]","[(1676299080000, 23.48, 1), (1676299140000, 23.560000000000002, -0.5), (1676299200000, 23.58, -0.5)]"
399,TOST,2023-03-14,17.6,"[17.699999999999996, 17.749999999999993]","[(1678801020000, 17.65, 1), (1678801080000, 17.699999999999996, -0.5), (1678801440000, 17.745, -0.5)]"
400,TOST,2023-05-10,19.71,"[20.22, 20.474999999999998]","[(1683725640000, 19.965, 1), (1683725700000, 20.22, -0.5), (1683725760000, 20.17, -0.5)]"
401,MTCH,2023-05-03,34.89,"[36.75, 37.68]","[(1683120900000, 35.82, 1), (1683122280000, 36.75, -0.5), (1683122640000, 36.57, -0.5)]"
402,MTCH,2023-06-09,39.625,"[39.875, 40.0]","[(1686317580000, 39.75, 1), (1686317640000, 39.875, -0.5), (1686317880000, 39.76, -0.5)]"
403,MTCH,2023-06-13,42.39,"[42.97, 43.26]","[(1686663180000, 42.68, 1), (1686663240000, 42.39, -1)]"
404,JNPR,2023-06-30,31.29,"[31.450000000000003, 31.530000000000005]","[(1688132220000, 31.37, 1), (1688132700000, 31.450000000000003, -0.5), (1688133660000, 31.5406, -0.5)]"
405,AAL,2023-05-31,14.7884,"[14.9116, 14.9732]","[(1685539980000, 14.85, 1), (1685540040000, 14.9116, -0.5), (1685540220000, 14.9732, -0.5)]"
406,SOFI,2023-02-02,7.635,"[7.765000000000001, 7.830000000000001]","[(1675348320000, 7.7, 1), (1675348380000, 7.765000000000001, -0.5), (1675349460000, 7.94, -0.5)]"
407,SOFI,2023-03-22,5.71,"[5.8488, 5.9182]","[(1679492160000, 5.7794, 1), (1679492220000, 5.8488, -0.5), (1679492340000, 5.81, -0.5)]"
408,SOFI,2023-04-14,5.91,"[5.969799999999999, 5.999699999999999]","[(1681479180000, 5.9399, 1), (1681479240000, 5.91, -1)]"
409,SOFI,2023-05-01,5.96,"[6.1000000000000005, 6.170000000000001]","[(1682948100000, 6.03, 1), (1682948160000, 5.96, -1)]"
410,SOFI,2023-05-05,4.9907,"[5.049299999999999, 5.078599999999998]","[(1683293520000, 5.02, 1), (1683293700000, 5.049299999999999, -0.5), (1683293820000, 5.02, -0.5)]"
411,SOFI,2023-05-10,5.49,"[5.529999999999999, 5.549999999999999]","[(1683725760000, 5.51, 1), (1683725820000, 5.529999999999999, -0.5), (1683725880000, 5.49, -0.5)]"
412,SOFI,2023-06-07,7.75,"[7.93, 8.02]","[(1686144720000, 7.84, 1), (1686144960000, 7.75, -1)]"
413,SOFI,2023-06-13,9.24,"[9.42, 9.51]","[(1686663300000, 9.33, 1), (1686663360000, 9.24, -1)]"
414,NCLH,2023-02-02,16.37,"[16.49, 16.549999999999997]","[(1675348380000, 16.43, 1), (1675348500000, 16.37, -1)]"
415,NCLH,2023-02-07,16.91,"[17.029799999999998, 17.089699999999997]","[(1675780560000, 16.9699, 1), (1675780680000, 17.029799999999998, -0.5), (1675781580000, 17.38, -0.5)]"
416,NCLH,2023-03-29,12.71,"[12.829999999999998, 12.889999999999997]","[(1680096780000, 12.77, 1), (1680096840000, 12.71, -1)]"
417,NCLH,2023-05-04,14.615,"[14.845, 14.96]","[(1683207120000, 14.73, 1), (1683207180000, 14.615, -1)]"
418,ONON,2023-06-02,27.92,"[28.339999999999996, 28.549999999999994]","[(1685712840000, 28.13, 1), (1685714040000, 28.339999999999996, -0.5), (1685714280000, 28.15, -0.5)]"
419,SRPT,2023-05-10,131.49,"[134.48000000000002, 135.97500000000002]","[(1683725640000, 132.985, 1), (1683725760000, 134.48000000000002, -0.5), (1683725880000, 132.5, -0.5)]"
420,SRPT,2023-05-15,149.22,"[151.11999999999998, 152.06999999999996]","[(1684157580000, 150.17, 1), (1684157880000, 149.22, -1)]"
421,S,2023-05-25,20.11,"[20.29, 20.38]","[(1685021700000, 20.2, 1), (1685021760000, 20.11, -1)]"
422,S,2023-05-30,21.44,"[21.969999999999995, 22.234999999999992]","[(1685453640000, 21.705, 1), (1685454180000, 21.44, -1)]"
423,S,2023-06-12,15.51,"[15.81, 15.96]","[(1686576780000, 15.66, 1), (1686576900000, 15.51, -1)]"
424,S,2023-06-16,17.03,"[17.17, 17.240000000000002]","[(1686922380000, 17.1, 1), (1686922440000, 17.17, -0.5), (1686922740000, 17.03, -0.5)]"
425,CTLT,2023-02-06,68.51,"[69.77, 70.39999999999999]","[(1675694040000, 69.14, 1), (1675694100000, 68.51, -1)]"
426,CTLT,2023-05-19,34.33,"[35.81, 36.550000000000004]","[(1684503240000, 35.07, 1), (1684503300000, 34.33, -1)]"
427,W,2023-02-02,68.41,"[70.58000000000001, 71.66500000000002]","[(1675348380000, 69.495, 1), (1675348440000, 70.58000000000001, -0.5), (1675348680000, 69.75, -0.5)]"
428,W,2023-05-04,34.85,"[37.7498, 39.1997]","[(1683207240000, 36.2999, 1), (1683207960000, 37.7498, -0.5), (1683208080000, 36.66, -0.5)]"
429,W,2023-06-02,43.99,"[45.01, 45.519999999999996]","[(1685712840000, 44.5, 1), (1685712900000, 43.99, -1)]"
430,W,2023-06-07,50.69,"[53.230000000000004, 54.50000000000001]","[(1686144780000, 51.96, 1), (1686146640000, 50.69, -1)]"
431,GNRC,2023-05-03,108.4801,"[111.3597, 112.79950000000001]","[(1683120840000, 109.9199, 1), (1683120900000, 111.3597, -0.5), (1683121320000, 110.99, -0.5)]"
432,GPS,2023-03-30,9.48,"[9.57, 9.615]","[(1680183360000, 9.525, 1), (1680183660000, 9.57, -0.5), (1680184080000, 9.55, -0.5)]"
433,FHN,2023-03-20,15.25,"[15.469999999999999, 15.579999999999998]","[(1679319300000, 15.36, 1), (1679319360000, 15.25, -1)]"
434,FHN,2023-05-05,10.28,"[10.62, 10.79]","[(1683293640000, 10.45, 1), (1683293700000, 10.62, -0.5), (1683293760000, 10.58, -0.5)]"
435,FHN,2023-06-05,11.04,"[11.130000000000003, 11.175000000000004]","[(1685972340000, 11.085, 1), (1685972400000, 11.04, -1)]"
436,X,2023-03-01,31.11,"[31.468000000000004, 31.647000000000006]","[(1677681180000, 31.289, 1), (1677681240000, 31.11, -1)]"
437,X,2023-03-14,27.5501,"[27.749899999999997, 27.849799999999995]","[(1678800960000, 27.65, 1), (1678801080000, 27.749899999999997, -0.5), (1678801140000, 27.59, -0.5)]"
438,X,2023-03-17,24.8501,"[25.2499, 25.4498]","[(1679059920000, 25.05, 1), (1679060160000, 25.2499, -0.5), (1679060340000, 24.98, -0.5)]"
439,X,2023-03-21,25.42,"[25.6, 25.69]","[(1679405700000, 25.51, 1), (1679405760000, 25.6, -0.5), (1679406480000, 25.72, -0.5)]"
440,X,2023-03-27,25.35,"[25.53, 25.62]","[(1679924100000, 25.44, 1), (1679924160000, 25.35, -1)]"
441,X,2023-04-11,25.73,"[25.929999999999996, 26.029999999999994]","[(1681220100000, 25.83, 1), (1681220340000, 25.929999999999996, -0.5), (1681220520000, 25.85, -0.5)]"
442,X,2023-05-08,22.0349,"[22.3251, 22.4702]","[(1683552900000, 22.18, 1), (1683553020000, 22.0349, -1)]"
443,X,2023-06-02,21.57,"[21.75, 21.84]","[(1685712840000, 21.66, 1), (1685712900000, 21.57, -1)]"
444,RMBS,2023-05-30,67.323,"[68.07700000000001, 68.45400000000002]","[(1685453580000, 67.7, 1), (1685454000000, 68.07700000000001, -0.5), (1685454120000, 67.6, -0.5)]"
445,CFLT,2023-05-30,29.85,"[30.11, 30.24]","[(1685453580000, 29.98, 1), (1685453640000, 30.11, -0.5), (1685453820000, 29.92, -0.5)]"
446,RRC,2023-04-03,27.16,"[27.48, 27.64]","[(1680528900000, 27.32, 1), (1680528960000, 27.48, -0.5), (1680529140000, 27.2, -0.5)]"
447,RRC,2023-04-10,26.7,"[26.900000000000002, 27.000000000000004]","[(1681133640000, 26.8, 1), (1681133820000, 26.900000000000002, -0.5), (1681134900000, 27.41, -0.5)]"
448,RRC,2023-05-19,29.75,"[30.07, 30.23]","[(1684503300000, 29.91, 1), (1684503960000, 30.07, -0.5), (1684504320000, 29.95, -0.5)]"
449,SWN,2023-04-03,5.16,"[5.199999999999999, 5.219999999999999]","[(1680528840000, 5.18, 1), (1680528900000, 5.199999999999999, -0.5), (1680529020000, 5.14, -0.5)]"
450,SWN,2023-06-13,5.28,"[5.3, 5.31]","[(1686663240000, 5.29, 1), (1686663300000, 5.3, -0.5), (1686663540000, 5.3, -0.5)]"
451,NYCB,2023-03-20,8.56,"[8.74, 8.83]","[(1679319420000, 8.65, 1), (1679319600000, 8.74, -0.5), (1679320140000, 8.83, -0.5)]"
452,NYCB,2023-05-05,9.8171,"[9.922899999999998, 9.975799999999998]","[(1683293640000, 9.87, 1), (1683293760000, 9.922899999999998, -0.5), (1683294000000, 9.83, -0.5)]"
453,ZI,2023-03-14,22.43,"[22.910000000000004, 23.150000000000006]","[(1678800780000, 22.67, 1), (1678800840000, 22.43, -1)]"
454,ZI,2023-06-05,26.46,"[26.814999999999998, 26.992499999999996]","[(1685972040000, 26.6375, 1), (1685972100000, 26.814999999999998, -0.5), (1685972160000, 26.2755, -0.5)]"
455,ZI,2023-06-28,24.9475,"[25.4725, 25.735]","[(1687959120000, 25.21, 1), (1687959180000, 25.4725, -0.5), (1687959240000, 25.36, -0.5)]"
456,CMA,2023-04-14,44.555,"[44.824999999999996, 44.959999999999994]","[(1681479420000, 44.69, 1), (1681479480000, 44.824999999999996, -0.5), (1681479540000, 44.555, -0.5)]"
457,CMA,2023-05-05,35.24,"[36.10999999999999, 36.54499999999999]","[(1683293640000, 35.675, 1), (1683293760000, 35.24, -1)]"
458,CMA,2023-06-05,41.1,"[41.660000000000004, 41.940000000000005]","[(1685972160000, 41.38, 1), (1685972460000, 41.1, -1)]"
459,VFC,2023-03-20,21.76,"[21.919999999999998, 21.999999999999996]","[(1679319480000, 21.84, 1), (1679319660000, 21.919999999999998, -0.5), (1679319960000, 21.875, -0.5)]"
460,VFC,2023-04-14,23.08,"[23.380000000000003, 23.530000000000005]","[(1681479180000, 23.23, 1), (1681479540000, 23.08, -1)]"
461,WAL,2023-03-14,34.7015,"[37.0983, 38.2967]","[(1678801560000, 35.8999, 1), (1678801620000, 34.7015, -1)]"
462,WAL,2023-03-27,34.6101,"[35.689899999999994, 36.22979999999999]","[(1679924040000, 35.15, 1), (1679924760000, 35.689899999999994, -0.5), (1679924940000, 35.37, -0.5)]"
463,WAL,2023-03-30,36.64,"[37.217, 37.5055]","[(1680183240000, 36.9285, 1), (1680183360000, 36.64, -1)]"
464,WAL,2023-04-14,32.4,"[33.080000000000005, 33.42000000000001]","[(1681479300000, 32.74, 1), (1681479420000, 32.4, -1)]"
465,WAL,2023-04-19,37.741,"[38.519000000000005, 38.90800000000001]","[(1681911360000, 38.13, 1), (1681911420000, 38.519000000000005, -0.5), (1681911720000, 37.741, -0.5)]"
466,WAL,2023-05-08,29.03,"[31.1498, 32.2097]","[(1683553020000, 30.0899, 1), (1683553200000, 29.03, -1)]"
467,WAL,2023-05-16,31.6,"[32.306599999999996, 32.65989999999999]","[(1684244280000, 31.9533, 1), (1684244760000, 31.6, -1)]"
468,WAL,2023-05-17,34.62,"[35.86000000000001, 36.48000000000001]","[(1684330320000, 35.24, 1), (1684330920000, 35.86000000000001, -0.5), (1684330980000, 35.26, -0.5)]"
469,WAL,2023-06-02,35.4,"[36.32, 36.78]","[(1685712900000, 35.86, 1), (1685713320000, 36.32, -0.5), (1685713500000, 36.05, -0.5)]"
470,HAS,2023-02-16,59.11,"[59.730000000000004, 60.040000000000006]","[(1676558040000, 59.42, 1), (1676558100000, 59.730000000000004, -0.5), (1676558640000, 60.1726, -0.5)]"
471,AR,2023-05-08,21.4,"[21.480000000000004, 21.520000000000007]","[(1683553080000, 21.44, 1), (1683553200000, 21.4, -1)]"
472,AR,2023-06-05,21.74,"[21.8616, 21.9224]","[(1685972220000, 21.8008, 1), (1685972400000, 21.74, -1)]"
473,ZION,2023-04-14,30.81,"[31.110000000000003, 31.260000000000005]","[(1681479480000, 30.96, 1), (1681479600000, 30.81, -1)]"
474,ZION,2023-05-05,22.2315,"[22.648500000000002, 22.857000000000003]","[(1683293640000, 22.44, 1), (1683293700000, 22.648500000000002, -0.5), (1683293760000, 22.84, -0.5)]"
475,ZION,2023-05-08,25.18,"[26.060000000000002, 26.500000000000004]","[(1683552720000, 25.62, 1), (1683552780000, 26.060000000000002, -0.5), (1683553020000, 25.6, -0.5)]"
476,ZION,2023-05-23,28.62,"[28.9746, 29.151899999999998]","[(1684849020000, 28.7973, 1), (1684849140000, 28.9746, -0.5), (1684849560000, 29.03, -0.5)]"
477,ZION,2023-06-02,28.17,"[28.65, 28.889999999999997]","[(1685712960000, 28.41, 1), (1685713020000, 28.65, -0.5), (1685713500000, 28.5, -0.5)]"
478,LYFT,2023-03-14,9.03,"[9.186000000000002, 9.264000000000003]","[(1678800900000, 9.108, 1), (1678800960000, 9.186000000000002, -0.5), (1678801620000, 9.1825, -0.5)]"
479,AA,2023-02-06,53.34,"[54.16, 54.56999999999999]","[(1675694400000, 53.75, 1), (1675694520000, 53.34, -1)]"
480,AA,2023-03-01,50.53,"[51.19, 51.519999999999996]","[(1677681420000, 50.86, 1), (1677681900000, 51.19, -0.5), (1677682920000, 52.28, -0.5)]"
481,AA,2023-05-05,34.87,"[35.13, 35.260000000000005]","[(1683293640000, 35, 1), (1683293760000, 35.13, -0.5), (1683293820000, 35.0407, -0.5)]"
482,AA,2023-05-08,37.15,"[37.707, 37.9855]","[(1683553020000, 37.4285, 1), (1683554460000, 37.15, -1)]"
483,AA,2023-06-02,34.08,"[34.44, 34.62]","[(1685712780000, 34.26, 1), (1685712840000, 34.08, -1)]"
484,AA,2023-06-14,37.1095,"[37.3305, 37.441]","[(1686749640000, 37.22, 1), (1686749700000, 37.1095, -1)]"
485,OPCH,2023-06-05,29.45,"[29.8272, 30.015800000000002]","[(1685971920000, 29.6386, 1), (1685971980000, 29.45, -1)]"
486,OPCH,2023-06-26,31.15,"[31.490000000000002, 31.660000000000004]","[(1687786500000, 31.32, 1), (1687786680000, 31.15, -1)]"
487,MARA,2023-02-02,7.84,"[8.120000000000001, 8.260000000000002]","[(1675348380000, 7.98, 1), (1675348560000, 8.120000000000001, -0.5), (1675348620000, 7.99, -0.5)]"
488,MARA,2023-03-13,5.48,"[5.68, 5.779999999999999]","[(1678714380000, 5.58, 1), (1678714500000, 5.48, -1)]"
489,MARA,2023-03-14,7.31,"[7.53, 7.640000000000001]","[(1678801020000, 7.42, 1), (1678801080000, 7.53, -0.5), (1678801320000, 7.465, -0.5)]"
490,MARA,2023-03-17,8.08,"[8.319999999999999, 8.439999999999998]","[(1679060220000, 8.2, 1), (1679060340000, 8.08, -1)]"
491,MARA,2023-03-29,7.49,"[7.59, 7.64]","[(1680096720000, 7.54, 1), (1680096780000, 7.59, -0.5), (1680098040000, 7.9114, -0.5)]"
492,MARA,2023-04-14,11.94,"[12.299999999999999, 12.479999999999999]","[(1681479120000, 12.12, 1), (1681479180000, 11.94, -1)]"
493,MARA,2023-04-26,9.7,"[9.9998, 10.149700000000001]","[(1682515980000, 9.8499, 1), (1682516400000, 9.7, -1)]"
494,MARA,2023-05-15,8.9,"[9.159999999999998, 9.289999999999997]","[(1684157580000, 9.03, 1), (1684158000000, 9.159999999999998, -0.5), (1684158480000, 9.13, -0.5)]"
495,MARA,2023-06-30,13.36,"[13.818200000000001, 14.047300000000002]","[(1688132580000, 13.5891, 1), (1688132820000, 13.36, -1)]"
496,WOLF,2023-02-02,84.76,"[85.55999999999999, 85.95999999999998]","[(1675348680000, 85.16, 1), (1675348740000, 85.55999999999999, -0.5), (1675348920000, 85.95999999999998, -0.5)]"
497,WOLF,2023-06-13,56.29,"[56.99, 57.34]","[(1686663240000, 56.64, 1), (1686663360000, 56.29, -1)]"
498,WOLF,2023-06-26,51.6,"[52.4, 52.8]","[(1687786560000, 52, 1), (1687786980000, 51.6, -1)]"
499,PBF,2023-02-16,44.54,"[45.699999999999996, 46.279999999999994]","[(1676558160000, 45.12, 1), (1676558340000, 45.699999999999996, -0.5), (1676558880000, 46.02, -0.5)]"
500,PBF,2023-04-03,43.83,"[44.21000000000001, 44.40000000000001]","[(1680528960000, 44.02, 1), (1680529020000, 43.83, -1)]"
501,M,2023-03-30,17.69,"[17.789999999999996, 17.839999999999993]","[(1680183480000, 17.74, 1), (1680183540000, 17.789999999999996, -0.5), (1680183600000, 17.69, -0.5)]"
502,M,2023-05-24,15.63,"[15.85, 15.959999999999999]","[(1684935120000, 15.74, 1), (1684935180000, 15.85, -0.5), (1684935360000, 15.715, -0.5)]"
503,SEDG,2023-05-04,294.34,"[303.2, 307.63]","[(1683207240000, 298.77, 1), (1683207780000, 294.34, -1)]"
504,GME,2023-06-13,25.53,"[25.83, 25.979999999999997]","[(1686663420000, 25.68, 1), (1686663480000, 25.83, -0.5), (1686663600000, 25.979999999999997, -0.5)]"
505,RIG,2023-02-01,6.83,"[7.050000000000001, 7.160000000000001]","[(1675261980000, 6.94, 1), (1675262040000, 7.050000000000001, -0.5), (1675263000000, 7.16, -0.5)]"
506,RIG,2023-03-27,5.82,"[5.8797999999999995, 5.909699999999999]","[(1679924220000, 5.8499, 1), (1679924280000, 5.82, -1)]"
507,RIG,2023-03-29,6.73,"[6.83, 6.88]","[(1680096900000, 6.78, 1), (1680097020000, 6.83, -0.5), (1680097080000, 6.8, -0.5)]"
508,RUN,2023-02-23,24.43,"[25.049999999999997, 25.359999999999996]","[(1677162900000, 24.74, 1), (1677163440000, 24.43, -1)]"
509,RUN,2023-04-18,20.32,"[20.839999999999996, 21.099999999999994]","[(1681824780000, 20.58, 1), (1681825380000, 20.839999999999996, -0.5), (1681825500000, 20.65, -0.5)]"
510,RUN,2023-05-10,16.84,"[17.139799999999997, 17.289699999999996]","[(1683725580000, 16.9899, 1), (1683727260000, 17.139799999999997, -0.5), (1683727860000, 17.16, -0.5)]"
511,RUN,2023-05-30,17.18,"[17.46, 17.6]","[(1685453520000, 17.32, 1), (1685453580000, 17.46, -0.5), (1685454000000, 17.5, -0.5)]"
512,UPST,2023-02-15,18.2,"[20.276, 21.314]","[(1676471700000, 19.238, 1), (1676472060000, 20.276, -0.5), (1676472540000, 20.3501, -0.5)]"
513,UPST,2023-03-14,15.81,"[16.0212, 16.126799999999996]","[(1678801020000, 15.9156, 1), (1678801260000, 16.0212, -0.5), (1678801320000, 15.85, -0.5)]"
514,UPST,2023-05-25,26.83,"[27.25, 27.46]","[(1685021700000, 27.04, 1), (1685021760000, 26.83, -1)]"
515,UPST,2023-05-30,25.1,"[25.734, 26.051000000000002]","[(1685453520000, 25.417, 1), (1685453580000, 25.734, -0.5), (1685454060000, 26.1, -0.5)]"
516,UPST,2023-06-07,31.04,"[32.0, 32.480000000000004]","[(1686144780000, 31.52, 1), (1686144900000, 32.0, -0.5), (1686144960000, 30.87, -0.5)]"
517,RIOT,2023-02-02,7.11,"[7.2700000000000005, 7.3500000000000005]","[(1675348320000, 7.19, 1), (1675348380000, 7.2700000000000005, -0.5), (1675348740000, 7.24, -0.5)]"
518,RIOT,2023-03-17,7.34,"[7.4597999999999995, 7.519699999999999]","[(1679060160000, 7.3999, 1), (1679060220000, 7.4597999999999995, -0.5), (1679060280000, 7.405, -0.5)]"
519,RIOT,2023-03-20,8.34,"[8.600000000000001, 8.730000000000002]","[(1679319180000, 8.47, 1), (1679319240000, 8.34, -1)]"
520,RIOT,2023-04-26,11.58,"[11.819999999999999, 11.939999999999998]","[(1682515980000, 11.7, 1), (1682516040000, 11.58, -1)]"
521,RIOT,2023-05-15,10.69,"[10.910000000000002, 11.020000000000003]","[(1684157520000, 10.8, 1), (1684157580000, 10.910000000000002, -0.5), (1684157640000, 10.88, -0.5)]"
522,RIOT,2023-06-02,12.45,"[12.57, 12.63]","[(1685712780000, 12.51, 1), (1685712840000, 12.45, -1)]"
523,RIOT,2023-06-13,10.5,"[10.61, 10.665]","[(1686663180000, 10.555, 1), (1686663300000, 10.61, -0.5), (1686663360000, 10.54, -0.5)]"
524,TDOC,2023-03-14,24.98,"[25.400000000000002, 25.610000000000003]","[(1678800780000, 25.19, 1), (1678800840000, 24.98, -1)]"
525,TDOC,2023-04-27,27.11,"[27.65, 27.919999999999998]","[(1682602500000, 27.38, 1), (1682602620000, 27.11, -1)]"
526,AI,2023-02-02,22.1,"[22.659999999999997, 22.939999999999994]","[(1675348320000, 22.38, 1), (1675348380000, 22.659999999999997, -0.5), (1675348560000, 22.5, -0.5)]"
527,AI,2023-02-23,23.05,"[23.63, 23.919999999999998]","[(1677162720000, 23.34, 1), (1677162780000, 23.63, -0.5), (1677162960000, 23.25, -0.5)]"
528,AI,2023-03-03,24.03,"[25.729999999999997, 26.579999999999995]","[(1677853980000, 24.88, 1), (1677854760000, 25.729999999999997, -0.5), (1677855060000, 25.41, -0.5)]"
529,AI,2023-05-15,20.2,"[20.74, 21.009999999999998]","[(1684157520000, 20.47, 1), (1684157700000, 20.74, -0.5), (1684158180000, 20.72, -0.5)]"
530,AI,2023-05-23,27.6316,"[28.218400000000003, 28.511800000000004]","[(1684849200000, 27.925, 1), (1684849260000, 27.6316, -1)]"
531,AI,2023-05-25,29.23,"[29.877999999999997, 30.201999999999995]","[(1685021640000, 29.554, 1), (1685021700000, 29.877999999999997, -0.5), (1685021760000, 29.74, -0.5)]"
532,AI,2023-05-30,36.18,"[37.52, 38.190000000000005]","[(1685453640000, 36.85, 1), (1685453700000, 37.52, -0.5), (1685453760000, 36.6246, -0.5)]"
533,AI,2023-06-07,38.18,"[39.13999999999999, 39.61999999999999]","[(1686144720000, 38.66, 1), (1686144900000, 39.13999999999999, -0.5), (1686144960000, 38.4, -0.5)]"
534,AI,2023-06-13,37.71,"[38.60999999999999, 39.05999999999999]","[(1686663180000, 38.16, 1), (1686663300000, 38.60999999999999, -0.5), (1686663360000, 38.02, -0.5)]"
535,BTU,2023-02-14,26.44,"[27.4588, 27.9682]","[(1676385420000, 26.9494, 1), (1676385480000, 26.44, -1)]"
536,KSS,2023-04-04,24.03,"[24.29, 24.419999999999998]","[(1680615420000, 24.16, 1), (1680615540000, 24.03, -1)]"
537,KSS,2023-06-15,24.002,"[24.188, 24.281]","[(1686836160000, 24.095, 1), (1686836220000, 24.188, -0.5), (1686836280000, 24.06, -0.5)]"
538,JWN,2023-02-03,25.6,"[26.6792, 27.2188]","[(1675435020000, 26.1396, 1), (1675435440000, 26.6792, -0.5), (1675435680000, 26.22, -0.5)]"
539,JWN,2023-03-03,19.51,"[19.959999999999997, 20.184999999999995]","[(1677854100000, 19.735, 1), (1677854160000, 19.959999999999997, -0.5), (1677854280000, 19.64, -0.5)]"
540,JWN,2023-03-08,19.64,"[19.759999999999998, 19.819999999999997]","[(1678286100000, 19.7, 1), (1678286220000, 19.64, -1)]"
541,FL,2023-06-02,25.335,"[25.744999999999997, 25.949999999999996]","[(1685712720000, 25.54, 1), (1685712840000, 25.335, -1)]"
542,ARRY,2023-05-30,23.25,"[23.83, 24.119999999999997]","[(1685453580000, 23.54, 1), (1685454180000, 23.83, -0.5), (1685454360000, 23.62, -0.5)]"
543,TGTX,2023-05-10,34.11,"[34.83, 35.19]","[(1683725580000, 34.47, 1), (1683725640000, 34.11, -1)]"
544,VKTX,2023-04-27,19.51,"[20.109999999999996, 20.409999999999993]","[(1682602440000, 19.81, 1), (1682602500000, 20.109999999999996, -0.5), (1682602560000, 20.08, -0.5)]"
